received_on,operator,volunteer,event_type,response_date,age,sex,duration,location,location_slug,location_type,topics_list,topics_count,topic_A1,topic_B1,topic_B2,topic_B3,topic_B4,topic_C1,topic_C2,topic_D1,topic_D2,topic_D3,topic_E1,topic_E10,topic_E2,topic_E3,topic_E4,topic_E5,topic_E6,topic_E7,topic_E8,topic_E9,topic_F1,topic_F10,topic_F11,topic_F12,topic_F2,topic_F3,topic_F4,topic_F5,topic_F6,topic_F7,topic_F8,topic_F9,topic_G1,topic_H1,topic_H2,topic_H3
2013-06-29T16:29:33.204000,orange,reg,RING,2013-06-29T16:29:55,30,M,1,HIPPODROME,91092361,village,A1,1,true,,,,,,,,,,,,,,,,,,,,,,,,,,,,,,,,,,,
2013-06-27T16:00:50.734000,malitel,reg,RING,2013-06-28T15:27:08,62,U,3,HAMDALLAYE,91094223,village,E1,1,,,,,,,,,,,true,,,,,,,,,,,,,,,,,,,,,,,,,
2013-06-28T14:25:42.521000,orange,reg,RING,2013-07-28T15:21:55,53,F,2,SANANFARA,25091811,village,E1,1,,,,,,,,,,,true,,,,,,,,,,,,,,,,,,,,,,,,,
2013-06-26T09:49:37.525000,orange,abba,RING,2013-06-27T18:03:19,,M,0,DISTRICT DE BAMAKO,91000000,cercle,A1,1,true,,,,,,,,,,,,,,,,,,,,,,,,,,,,,,,,,,,
2013-06-26T09:54:59.561000,orange,abba,RING,2013-07-26T18:29:42,,M,1,DISTRICT DE BAMAKO,91000000,cercle,A1,1,true,,,,,,,,,,,,,,,,,,,,,,,,,,,,,,,,,,,
2013-06-26T09:55:19.321000,orange,abba,RING,2013-07-26T19:03:38,,U,1,DISTRICT DE BAMAKO,91000000,cercle,A1,1,true,,,,,,,,,,,,,,,,,,,,,,,,,,,,,,,,,,,
2013-06-26T09:55:34.361000,malitel,abba,RING,2013-07-26T18:29:55,,U,1,DISTRICT DE BAMAKO,91000000,cercle,A1,1,true,,,,,,,,,,,,,,,,,,,,,,,,,,,,,,,,,,,
2013-06-26T13:35:45.763000,orange,abba,SMS_HOTLINE,2013-07-26T15:12:19,,U,1,DISTRICT DE BAMAKO,91000000,cercle,A1,1,true,,,,,,,,,,,,,,,,,,,,,,,,,,,,,,,,,,,
2013-06-26T13:34:55.923000,malitel,abba,RING,2013-07-26T18:26:48,,U,1,DISTRICT DE BAMAKO,91000000,cercle,A1,1,true,,,,,,,,,,,,,,,,,,,,,,,,,,,,,,,,,,,
2013-06-26T13:35:09.281000,orange,abba,RING,2013-07-26T18:26:41,,U,1,DISTRICT DE BAMAKO,91000000,cercle,A1,1,true,,,,,,,,,,,,,,,,,,,,,,,,,,,,,,,,,,,
2013-06-26T14:05:22.001000,orange,abba,RING,2013-07-26T18:20:50,,M,1,DISTRICT DE BAMAKO,91000000,cercle,A1,1,true,,,,,,,,,,,,,,,,,,,,,,,,,,,,,,,,,,,
2013-06-26T15:53:32.761000,orange,abba,RING,2013-07-26T19:11:12,,F,2,DISTRICT DE BAMAKO,91000000,cercle,A1,1,true,,,,,,,,,,,,,,,,,,,,,,,,,,,,,,,,,,,
2013-06-26T18:48:30.961000,malitel,abba,RING,2013-07-26T19:00:04,,M,1,DISTRICT DE BAMAKO,91000000,cercle,"E1, F9",2,,,,,,,,,,,true,,,,,,,,,,,,,,,,,,,,,true,,,,
2013-06-29T10:21:58,orange,abba,RING,2013-07-26T14:00:38,,M,1,DISTRICT DE BAMAKO,91000000,cercle,A1,1,true,,,,,,,,,,,,,,,,,,,,,,,,,,,,,,,,,,,
2013-06-29T10:22:37,orange,abba,RING,2013-07-29T14:00:56,,M,1,DISTRICT DE BAMAKO,91000000,cercle,A1,1,true,,,,,,,,,,,,,,,,,,,,,,,,,,,,,,,,,,,
2013-06-26T14:33:12,foreign,reg,RING,2013-06-26T19:33:00,,F,0,HORS DU MALI,99999999,region,A1,1,true,,,,,,,,,,,,,,,,,,,,,,,,,,,,,,,,,,,
2013-07-08T09:44:20,orange,abba,RING,2013-07-08T09:44:00,,U,0,,,,H2,1,,,,,,,,,,,,,,,,,,,,,,,,,,,,,,,,,,,true,
2013-07-08T10:52:49.113000,orange,abba,RING,2013-07-08T10:52:00,,U,0,,,,H2,1,,,,,,,,,,,,,,,,,,,,,,,,,,,,,,,,,,,true,
2013-07-08T10:52:04.873000,orange,abba,RING,2013-07-08T13:52:00,19,M,2,LAFIABOUGOU,91094445,village,E1,1,,,,,,,,,,,true,,,,,,,,,,,,,,,,,,,,,,,,,
2013-07-08T10:53:12.225000,malitel,abba,RING,2013-07-08T10:53:00,37,M,2,COMMUNE 1,91091000,commune,E1,1,,,,,,,,,,,true,,,,,,,,,,,,,,,,,,,,,,,,,
2013-07-08T11:05:15.033000,orange,abba,RING,2013-07-08T11:05:00,22,M,2,SIKASSO,31000000,cercle,E1,1,,,,,,,,,,,true,,,,,,,,,,,,,,,,,,,,,,,,,
2013-07-08T10:30:06.273000,orange,abba,RING,2013-07-08T10:30:00,,U,0,,,,H2,1,,,,,,,,,,,,,,,,,,,,,,,,,,,,,,,,,,,true,
2013-07-08T10:54:03.035000,orange,abba,RING,2013-07-08T10:54:00,58,M,1,COMMUNE 2,91092000,commune,E1,1,,,,,,,,,,,true,,,,,,,,,,,,,,,,,,,,,,,,,
2013-07-08T07:55:58.432000,orange,abba,RING,2013-07-08T07:55:00,,U,0,,,,H2,1,,,,,,,,,,,,,,,,,,,,,,,,,,,,,,,,,,,true,
2013-07-08T00:58:05.473000,malitel,abba,RING,2013-07-08T12:12:00,,M,1,DISTRICT DE BAMAKO,91000000,cercle,H1,1,,,,,,,,,,,,,,,,,,,,,,,,,,,,,,,,,,true,,
2013-07-08T11:11:55,orange,abba,CALL_ME,2013-07-08T13:03:00,22,M,4,SIKASSO,31000000,cercle,E1,1,,,,,,,,,,,true,,,,,,,,,,,,,,,,,,,,,,,,,
2013-07-08T08:07:00.353000,orange,abba,RING,2013-07-08T08:07:00,,U,0,,,,H2,1,,,,,,,,,,,,,,,,,,,,,,,,,,,,,,,,,,,true,
2013-07-08T08:07:28.833000,orange,abba,RING,2013-07-08T08:07:00,,U,0,,,,H2,1,,,,,,,,,,,,,,,,,,,,,,,,,,,,,,,,,,,true,
2013-07-08T08:18:56.152000,orange,abba,RING,2013-07-08T08:18:00,29,M,3,DISTRICT DE BAMAKO,91000000,cercle,E1,1,,,,,,,,,,,true,,,,,,,,,,,,,,,,,,,,,,,,,
2013-07-08T08:19:12.153000,orange,abba,RING,2013-07-08T08:19:00,36,M,3,COMMUNE DE KATI,25091000,commune,A1,1,true,,,,,,,,,,,,,,,,,,,,,,,,,,,,,,,,,,,
2013-07-08T08:19:51.953000,malitel,abba,RING,2013-07-08T12:44:00,,M,3,DISTRICT DE BAMAKO,91000000,cercle,E7,1,,,,,,,,,,,,,,,,,,true,,,,,,,,,,,,,,,,,,
2013-07-08T11:14:03.913000,malitel,abba,RING,2013-07-08T12:29:00,28,M,4,LAFIABOUGOU,91094445,village,E7,1,,,,,,,,,,,,,,,,,,true,,,,,,,,,,,,,,,,,,
2013-07-08T08:33:15.393000,orange,abba,RING,2013-07-08T08:33:00,33,M,3,HAMDALLAYE,91094223,village,E1,1,,,,,,,,,,,true,,,,,,,,,,,,,,,,,,,,,,,,,
2013-07-08T09:43:44.473000,orange,abba,RING,2013-07-08T09:43:00,,U,0,,,,H2,1,,,,,,,,,,,,,,,,,,,,,,,,,,,,,,,,,,,true,
2013-07-08T10:03:20.913000,orange,abba,RING,2013-07-08T10:03:00,32,F,3,MAGNAMBOUGOU,91096298,village,E1,1,,,,,,,,,,,true,,,,,,,,,,,,,,,,,,,,,,,,,
2013-07-08T10:53:03,orange,abba,RING,2013-07-08T10:53:00,59,M,3,COMMUNE 2,91092000,commune,E1,1,,,,,,,,,,,true,,,,,,,,,,,,,,,,,,,,,,,,,
2013-07-08T10:54:24.724000,malitel,abba,RING,2013-07-08T13:09:00,,M,6,NIARELA,91092631,village,E7,1,,,,,,,,,,,,,,,,,,true,,,,,,,,,,,,,,,,,,
2013-07-08T11:06:40.993000,malitel,abba,RING,2013-07-08T11:06:00,27,M,2,COMMUNE 5,91095000,commune,E1,1,,,,,,,,,,,true,,,,,,,,,,,,,,,,,,,,,,,,,
2013-07-08T10:57:55.595000,orange,abba,RING,2013-07-08T10:57:00,75,M,3,COMMUNE 5,91095000,commune,E1,1,,,,,,,,,,,true,,,,,,,,,,,,,,,,,,,,,,,,,
2013-07-08T11:05:48.664000,orange,abba,RING,2013-07-08T11:05:00,24,F,2,HAMDALLAYE,91094223,village,E1,1,,,,,,,,,,,true,,,,,,,,,,,,,,,,,,,,,,,,,
2013-07-08T11:13:39.007000,orange,abba,RING,2013-07-08T13:03:00,21,F,21,SEGOU,41000000,cercle,E1,1,,,,,,,,,,,true,,,,,,,,,,,,,,,,,,,,,,,,,
2013-07-08T11:08:06.393000,orange,abba,RING,2013-07-08T11:08:00,29,M,2,COMMUNE 5,91095000,commune,E1,1,,,,,,,,,,,true,,,,,,,,,,,,,,,,,,,,,,,,,
2013-07-08T11:10:09.513000,orange,abba,RING,2013-07-08T11:10:00,56,M,3,DISTRICT DE BAMAKO,91000000,cercle,E1,1,,,,,,,,,,,true,,,,,,,,,,,,,,,,,,,,,,,,,
2013-07-08T12:03:44.153000,orange,abba,RING,2013-07-08T12:55:00,24,M,3,SIKASSO,31000000,cercle,E1,1,,,,,,,,,,,true,,,,,,,,,,,,,,,,,,,,,,,,,
2013-07-08T12:06:02.113000,orange,abba,RING,2013-07-08T12:49:00,30,F,2,SIKASSO,31000000,cercle,E1,1,,,,,,,,,,,true,,,,,,,,,,,,,,,,,,,,,,,,,
2013-07-08T11:43:49.833000,orange,abba,RING,2013-07-08T13:00:00,23,M,2,DISTRICT DE BAMAKO,91000000,cercle,E1,1,,,,,,,,,,,true,,,,,,,,,,,,,,,,,,,,,,,,,
2013-07-08T11:50:14.673000,orange,abba,RING,2013-07-08T12:59:00,23,F,1,DISTRICT DE BAMAKO,91000000,cercle,E1,1,,,,,,,,,,,true,,,,,,,,,,,,,,,,,,,,,,,,,
2013-07-08T12:02:29,orange,abba,RING,2013-07-08T12:55:00,24,M,3,SIKASSO,31000000,cercle,E1,1,,,,,,,,,,,true,,,,,,,,,,,,,,,,,,,,,,,,,
2013-07-08T12:07:54.155000,malitel,abba,RING,2013-07-08T12:48:00,,M,2,DISTRICT DE BAMAKO,91000000,cercle,E7,1,,,,,,,,,,,,,,,,,,true,,,,,,,,,,,,,,,,,,
2013-07-08T12:37:05.403000,malitel,abba,RING,2013-07-08T13:11:00,,M,6,NIARELA,91092631,village,E7,1,,,,,,,,,,,,,,,,,,true,,,,,,,,,,,,,,,,,,
2013-07-08T13:20:51.842000,orange,abba,RING,2013-07-08T13:26:00,,M,4,KOULIKORO,21000000,cercle,F9,1,,,,,,,,,,,,,,,,,,,,,,,,,,,,,,,,true,,,,
2013-07-08T14:21:56.795000,orange,abba,RING,2013-07-08T13:03:00,21,F,2,SEGOU,41000000,cercle,E1,1,,,,,,,,,,,true,,,,,,,,,,,,,,,,,,,,,,,,,
2013-07-08T15:10:05.403000,malitel,abba,RING,2013-07-08T15:10:00,35,M,2,SIKASSO,31000000,cercle,E1,1,,,,,,,,,,,true,,,,,,,,,,,,,,,,,,,,,,,,,
2013-07-08T15:32:52.273000,orange,abba,RING,2013-07-08T16:08:00,55,M,5,SIKASSO,31000000,cercle,E1,1,,,,,,,,,,,true,,,,,,,,,,,,,,,,,,,,,,,,,
2013-07-08T15:35:07.393000,malitel,abba,RING,2013-07-08T16:14:00,32,M,4,BACO-DJIKORONI,91095001,village,E1,1,,,,,,,,,,,true,,,,,,,,,,,,,,,,,,,,,,,,,
2013-07-08T14:23:20.553000,malitel,abba,RING,2013-07-08T16:00:00,19,F,2,HAMDALLAYE,91094223,village,E1,1,,,,,,,,,,,true,,,,,,,,,,,,,,,,,,,,,,,,,
2013-07-08T14:39:45.873000,malitel,abba,RING,2013-07-08T15:53:00,39,M,2,DISTRICT DE BAMAKO,91000000,cercle,E1,1,,,,,,,,,,,true,,,,,,,,,,,,,,,,,,,,,,,,,
2013-07-08T15:15:48.123000,orange,abba,RING,2013-07-08T15:15:00,,U,0,,,,H2,1,,,,,,,,,,,,,,,,,,,,,,,,,,,,,,,,,,,true,
2013-07-08T15:19:25.393000,orange,abba,RING,2013-07-08T15:19:00,,U,0,,,,H2,1,,,,,,,,,,,,,,,,,,,,,,,,,,,,,,,,,,,true,
2013-07-08T14:34:56.593000,orange,abba,RING,2013-07-08T15:41:00,35,M,2,SIKASSO,31000000,cercle,E1,1,,,,,,,,,,,true,,,,,,,,,,,,,,,,,,,,,,,,,
2013-07-08T14:33:45.522000,malitel,abba,RING,2013-07-08T15:50:00,37,M,2,SIKASSO,31000000,cercle,E1,1,,,,,,,,,,,true,,,,,,,,,,,,,,,,,,,,,,,,,
2013-07-08T14:26:41.793000,orange,abba,RING,2013-07-08T15:37:00,33,M,3,NIAFUNKE,65000000,cercle,E1,1,,,,,,,,,,,true,,,,,,,,,,,,,,,,,,,,,,,,,
2013-07-08T11:16:33.673000,orange,abba,RING,2013-07-08T11:16:00,,U,0,,,,H2,1,,,,,,,,,,,,,,,,,,,,,,,,,,,,,,,,,,,true,
2013-07-06T19:19:48.953000,orange,abba,RING,2013-07-06T16:54:00,55,M,4,NIAFUNKE,65000000,cercle,B1,1,,true,,,,,,,,,,,,,,,,,,,,,,,,,,,,,,,,,,
2013-07-06T19:31:33.713000,orange,abba,RING,2013-07-06T16:54:00,,M,3,,,,E1,1,,,,,,,,,,,true,,,,,,,,,,,,,,,,,,,,,,,,,
2013-07-07T10:43:58.272000,orange,abba,RING,2013-07-07T17:03:00,,M,2,QUINZAMBOUGOU,91092721,village,E7,1,,,,,,,,,,,,,,,,,,true,,,,,,,,,,,,,,,,,,
2013-07-07T11:53:45.312000,orange,abba,RING,2013-07-07T18:34:00,,M,2,NIAFUNKE,65000000,cercle,E1,1,,,,,,,,,,,true,,,,,,,,,,,,,,,,,,,,,,,,,
2013-07-07T11:58:10.352000,orange,abba,RING,2013-07-07T17:10:00,,M,2,SIKASSO,31000000,cercle,E6,1,,,,,,,,,,,,,,,,,true,,,,,,,,,,,,,,,,,,,
2013-07-07T12:00:05.193000,orange,abba,RING,2013-07-07T17:13:00,,M,2,SIKASSO,31000000,cercle,E6,1,,,,,,,,,,,,,,,,,true,,,,,,,,,,,,,,,,,,,
2013-07-07T12:29:52.035000,orange,abba,RING,2013-07-07T17:18:00,,M,1,YIRIMADJO,91096892,village,E7,1,,,,,,,,,,,,,,,,,,true,,,,,,,,,,,,,,,,,,
2013-07-07T13:12:48.993000,orange,abba,RING,2013-07-07T17:23:00,,M,2,BAGUINEDA CAMP,25001000,commune,E7,1,,,,,,,,,,,,,,,,,,true,,,,,,,,,,,,,,,,,,
2013-07-07T16:02:47.543000,malitel,abba,RING,2013-07-07T17:27:00,,M,1,NIARELA,91092631,village,H1,1,,,,,,,,,,,,,,,,,,,,,,,,,,,,,,,,,,true,,
2013-07-07T12:52:47.353000,malitel,abba,RING,2013-07-07T18:07:00,,M,2,YIRIMADJO,91096892,village,E7,1,,,,,,,,,,,,,,,,,,true,,,,,,,,,,,,,,,,,,
2013-07-06T21:36:33.783000,malitel,abba,RING,2013-07-07T18:32:00,,M,1,NIARELA,91092631,village,E6,1,,,,,,,,,,,,,,,,,true,,,,,,,,,,,,,,,,,,,
2013-07-07T10:47:23.993000,orange,abba,RING,2013-07-07T17:07:00,,U,1,,,,H2,1,,,,,,,,,,,,,,,,,,,,,,,,,,,,,,,,,,,true,
2013-07-07T13:19:30.072000,malitel,abba,RING,2013-07-07T17:34:00,,M,3,KOROFINA SUD,91091667,village,E6,1,,,,,,,,,,,,,,,,,true,,,,,,,,,,,,,,,,,,,
2013-07-07T18:42:37.514000,malitel,abba,RING,2013-07-07T18:44:00,,M,1,KOULIKORO,21000000,cercle,E1,1,,,,,,,,,,,true,,,,,,,,,,,,,,,,,,,,,,,,,
2013-07-07T18:15:47.513000,malitel,abba,RING,2013-07-07T18:43:00,,M,1,KOULIKORO,21000000,cercle,E1,1,,,,,,,,,,,true,,,,,,,,,,,,,,,,,,,,,,,,,
2013-07-06T22:49:06.033000,orange,abba,RING,2013-07-07T16:46:00,,M,3,BACO-DJIKORONI,91095001,village,A1,1,true,,,,,,,,,,,,,,,,,,,,,,,,,,,,,,,,,,,
2013-07-08T19:17:59,orange,samerou,CHARGE_ME,2013-07-09T13:45:00,,F,1,YIRIMADJO,91096892,village,H1,1,,,,,,,,,,,,,,,,,,,,,,,,,,,,,,,,,,true,,
2013-07-09T09:09:57.363000,orange,samerou,RING,2013-07-09T13:40:00,22,M,3,DISTRICT DE BAMAKO,91000000,cercle,A1,1,true,,,,,,,,,,,,,,,,,,,,,,,,,,,,,,,,,,,
2013-07-09T09:21:10.353000,malitel,samerou,RING,2013-07-09T09:21:00,52,F,7,SIKASSO,31000000,cercle,E7,1,,,,,,,,,,,,,,,,,,true,,,,,,,,,,,,,,,,,,
2013-07-09T09:42:25.883000,malitel,samerou,RING,2013-07-09T10:11:00,,M,18,SIKASSO,31000000,cercle,E6,1,,,,,,,,,,,,,,,,,true,,,,,,,,,,,,,,,,,,,
2013-07-09T10:02:16.713000,orange,samerou,RING,2013-07-09T13:29:00,,M,1,BANCONI,91091001,village,H1,1,,,,,,,,,,,,,,,,,,,,,,,,,,,,,,,,,,true,,
2013-07-09T10:17:36.123000,orange,samerou,RING,2013-07-09T10:17:00,,U,0,,,,H2,1,,,,,,,,,,,,,,,,,,,,,,,,,,,,,,,,,,,true,
2013-06-29T10:23:11,orange,abba,RING,2013-06-29T19:05:00,,M,1,HAMDALLAYE,91094223,village,E7,1,,,,,,,,,,,,,,,,,,true,,,,,,,,,,,,,,,,,,
2013-06-29T18:53:23.281000,orange,abba,RING,2013-06-29T19:05:00,,M,1,SIKASSO,31000000,cercle,A1,1,true,,,,,,,,,,,,,,,,,,,,,,,,,,,,,,,,,,,
2013-06-30T12:13:08.864000,malitel,abba,RING,2013-06-30T19:07:00,,M,0,,,,H2,1,,,,,,,,,,,,,,,,,,,,,,,,,,,,,,,,,,,true,
2013-07-09T10:19:08.843000,orange,samerou,RING,2013-07-09T13:45:00,42,M,2,SEGOU,41000000,cercle,E1,1,,,,,,,,,,,true,,,,,,,,,,,,,,,,,,,,,,,,,
2013-07-09T11:15:48.752000,orange,samerou,RING,2013-07-09T13:57:00,23,M,3,SIKASSO,30000000,region,E1,1,,,,,,,,,,,true,,,,,,,,,,,,,,,,,,,,,,,,,
2013-07-09T16:35:54,malitel,Abderhamane,CALL_ME,2013-07-09T13:36:00,52,M,3,QUINZAMBOUGOU,91092721,village,E1,1,,,,,,,,,,,true,,,,,,,,,,,,,,,,,,,,,,,,,
2013-07-09T17:42:41,orange,Abderhamane,CALL_ME,2013-07-09T17:48:00,30,M,2,NIARELA,91092631,village,E7,1,,,,,,,,,,,,,,,,,,true,,,,,,,,,,,,,,,,,,
2013-07-01T10:32:37.245000,orange,abba,RING,2013-07-03T13:45:00,,M,2,SIKASSO,31000000,cercle,E1,1,,,,,,,,,,,true,,,,,,,,,,,,,,,,,,,,,,,,,
2013-07-05T10:27:58.481000,orange,samerou,RING,2013-07-05T16:13:00,,M,2,BAMAKO,90000000,region,"D1, E1",2,,,,,,,,true,,,true,,,,,,,,,,,,,,,,,,,,,,,,,
2013-07-01T11:34:52.061000,malitel,abba,RING,2013-07-03T13:44:00,,M,2,DISTRICT DE BAMAKO,91000000,cercle,C2,1,,,,,,,true,,,,,,,,,,,,,,,,,,,,,,,,,,,,,
2013-07-01T13:40:28.661000,malitel,abba,RING,2013-07-03T15:19:00,,M,1,DISTRICT DE BAMAKO,91000000,cercle,C2,1,,,,,,,true,,,,,,,,,,,,,,,,,,,,,,,,,,,,,
2013-07-02T14:14:00.471000,orange,abba,RING,2013-07-03T14:15:00,,M,5,DISTRICT DE BAMAKO,91000000,cercle,A1,1,true,,,,,,,,,,,,,,,,,,,,,,,,,,,,,,,,,,,
2013-07-05T08:25:32.161000,orange,samerou,RING,2013-07-05T05:25:00,,U,0,,,,H2,1,,,,,,,,,,,,,,,,,,,,,,,,,,,,,,,,,,,true,
2013-07-02T11:13:57.764000,malitel,abba,RING,2013-07-03T12:01:00,,M,3,SIKASSO,31000000,cercle,G1,1,,,,,,,,,,,,,,,,,,,,,,,,,,,,,,,,,true,,,
2013-07-03T11:03:30.482000,orange,samerou,RING,2013-07-03T15:03:00,,M,3,BAMAKO,90000000,region,E6,1,,,,,,,,,,,,,,,,,true,,,,,,,,,,,,,,,,,,,
2013-07-01T15:07:24.981000,malitel,abba,RING,2013-07-03T15:19:00,,M,1,DISTRICT DE BAMAKO,91000000,cercle,C2,1,,,,,,,true,,,,,,,,,,,,,,,,,,,,,,,,,,,,,
2013-07-02T19:08:19.271000,orange,abba,RING,2013-07-03T10:33:00,,M,3,SEBENINKORO,91094667,village,G1,1,,,,,,,,,,,,,,,,,,,,,,,,,,,,,,,,,true,,,
2013-07-03T11:19:41.951000,malitel,samerou,RING,2013-07-03T16:19:00,,M,5,SIKASSO,30000000,region,E1,1,,,,,,,,,,,true,,,,,,,,,,,,,,,,,,,,,,,,,
2013-07-02T19:03:33.761000,orange,abba,RING,2013-07-03T10:35:00,,F,1,DISTRICT DE BAMAKO,91000000,cercle,E1,1,,,,,,,,,,,true,,,,,,,,,,,,,,,,,,,,,,,,,
2013-07-03T12:34:50.511000,orange,samerou,RING,2013-07-03T15:34:00,,M,4,BAMAKO,90000000,region,B1,1,,true,,,,,,,,,,,,,,,,,,,,,,,,,,,,,,,,,,
2013-07-03T10:10:57.591000,malitel,abba,RING,2013-07-03T10:40:00,,M,1,DISTRICT DE BAMAKO,91000000,cercle,A1,1,true,,,,,,,,,,,,,,,,,,,,,,,,,,,,,,,,,,,
2013-07-03T12:35:30.751000,orange,samerou,RING,2013-07-03T13:35:00,,M,6,DISTRICT DE BAMAKO,91000000,cercle,F9,1,,,,,,,,,,,,,,,,,,,,,,,,,,,,,,,,true,,,,
2013-07-03T17:15:09.641000,orange,abba,RING,2013-07-03T17:30:00,,M,1,KATI,25000000,cercle,E1,1,,,,,,,,,,,true,,,,,,,,,,,,,,,,,,,,,,,,,
2013-07-03T16:45:50.831000,malitel,abba,RING,2013-07-03T17:34:00,,M,2,DISTRICT DE BAMAKO,91000000,cercle,H1,1,,,,,,,,,,,,,,,,,,,,,,,,,,,,,,,,,,true,,
2013-07-03T15:22:50.391000,malitel,samerou,RING,2013-07-03T16:22:00,,M,2,DISTRICT DE BAMAKO,91000000,cercle,E1,1,,,,,,,,,,,true,,,,,,,,,,,,,,,,,,,,,,,,,
2013-07-04T11:14:51.483000,malitel,abba,RING,2013-07-04T11:52:00,,M,1,DISTRICT DE BAMAKO,91000000,cercle,H1,1,,,,,,,,,,,,,,,,,,,,,,,,,,,,,,,,,,true,,
2013-07-04T10:19:43.161000,orange,abba,RING,2013-07-04T11:45:00,,M,1,KATI,25000000,cercle,E1,1,,,,,,,,,,,true,,,,,,,,,,,,,,,,,,,,,,,,,
2013-07-04T09:34:19.793000,orange,abba,RING,2013-07-04T11:48:00,,M,1,DISTRICT DE BAMAKO,91000000,cercle,E1,1,,,,,,,,,,,true,,,,,,,,,,,,,,,,,,,,,,,,,
2013-07-04T12:53:45,malitel,samerou,CHARGE_ME,2013-07-04T12:53:00,23,M,1,COMMUNE 2,91092000,commune,E1,1,,,,,,,,,,,true,,,,,,,,,,,,,,,,,,,,,,,,,
2013-07-04T10:48:38.921000,malitel,abba,RING,2013-07-04T11:54:00,,M,1,KATI,25000000,cercle,E1,1,,,,,,,,,,,true,,,,,,,,,,,,,,,,,,,,,,,,,
2013-07-04T12:06:59.761000,malitel,abba,RING,2013-07-04T12:09:00,,M,1,DISTRICT DE BAMAKO,91000000,cercle,H2,1,,,,,,,,,,,,,,,,,,,,,,,,,,,,,,,,,,,true,
2013-07-04T12:10:41.241000,malitel,abba,RING,2013-07-04T12:09:00,,M,1,DISTRICT DE BAMAKO,91000000,cercle,H2,1,,,,,,,,,,,,,,,,,,,,,,,,,,,,,,,,,,,true,
2013-07-04T12:12:23.643000,malitel,abba,RING,2013-07-04T12:09:00,,M,1,DISTRICT DE BAMAKO,91000000,cercle,H1,1,,,,,,,,,,,,,,,,,,,,,,,,,,,,,,,,,,true,,
2013-07-04T13:02:54.231000,malitel,samerou,RING,2013-07-04T14:18:00,,F,4,DISTRICT DE BAMAKO,91000000,cercle,E7,1,,,,,,,,,,,,,,,,,,true,,,,,,,,,,,,,,,,,,
2013-07-07T18:10:01.728000,orange,abba,RING,2013-07-07T18:32:00,,M,4,KOULIKORO,21000000,cercle,E1,1,,,,,,,,,,,true,,,,,,,,,,,,,,,,,,,,,,,,,
2013-07-04T12:54:39.792000,malitel,samerou,RING,2013-07-04T14:15:00,,M,2,DISTRICT DE BAMAKO,91000000,cercle,E7,1,,,,,,,,,,,,,,,,,,true,,,,,,,,,,,,,,,,,,
2013-07-04T12:56:08.511000,malitel,samerou,RING,2013-07-04T14:09:00,,M,2,DISTRICT DE BAMAKO,91000000,cercle,E7,1,,,,,,,,,,,,,,,,,,true,,,,,,,,,,,,,,,,,,
2013-07-04T13:08:44.471000,malitel,samerou,RING,2013-07-04T13:33:00,,M,3,DISTRICT DE BAMAKO,91000000,cercle,E7,1,,,,,,,,,,,,,,,,,,true,,,,,,,,,,,,,,,,,,
2013-07-04T12:59:09.231000,orange,samerou,RING,2013-07-04T14:48:00,,M,4,DISTRICT DE BAMAKO,91000000,cercle,E9,1,,,,,,,,,,,,,,,,,,,,true,,,,,,,,,,,,,,,,
2013-07-04T12:58:37.671000,malitel,samerou,RING,2013-07-04T14:05:00,,U,0,,,,H2,1,,,,,,,,,,,,,,,,,,,,,,,,,,,,,,,,,,,true,
2013-07-09T18:01:24.443000,orange,Abderhamane,RING,2013-07-09T12:26:00,,U,0,,,,H2,1,,,,,,,,,,,,,,,,,,,,,,,,,,,,,,,,,,,true,
2013-07-09T18:03:22.163000,orange,Abderhamane,RING,2013-07-09T18:03:00,40,M,5,NIAFUNKE,65000000,cercle,"B1, E2",2,,true,,,,,,,,,,,true,,,,,,,,,,,,,,,,,,,,,,,
2013-07-05T17:26:36.361000,orange,abba,RING,2013-07-05T13:33:00,,M,1,SIKASSO,31000000,cercle,H2,1,,,,,,,,,,,,,,,,,,,,,,,,,,,,,,,,,,,true,
2013-07-05T19:20:23.241000,orange,abba,RING,2013-07-05T13:37:00,,F,0,,,,H2,1,,,,,,,,,,,,,,,,,,,,,,,,,,,,,,,,,,,true,
2013-07-05T20:08:47.231000,orange,abba,RING,2013-07-05T13:39:00,,U,0,,,,H2,1,,,,,,,,,,,,,,,,,,,,,,,,,,,,,,,,,,,true,
2013-07-04T13:00:37.951000,malitel,samerou,RING,2013-07-04T15:20:00,,F,1,COMMUNE 5,91095000,commune,H2,1,,,,,,,,,,,,,,,,,,,,,,,,,,,,,,,,,,,true,
2013-07-04T13:00:17.831000,malitel,samerou,RING,2013-07-04T13:57:00,,M,3,DISTRICT DE BAMAKO,91000000,cercle,E6,1,,,,,,,,,,,,,,,,,true,,,,,,,,,,,,,,,,,,,
2013-07-04T13:02:07.391000,orange,samerou,RING,2013-07-04T13:49:00,,M,1,DISTRICT DE BAMAKO,91000000,cercle,E7,1,,,,,,,,,,,,,,,,,,true,,,,,,,,,,,,,,,,,,
2013-07-04T12:55:17.871000,malitel,samerou,RING,2013-07-04T14:11:00,,M,1,DISTRICT DE BAMAKO,91000000,cercle,H2,1,,,,,,,,,,,,,,,,,,,,,,,,,,,,,,,,,,,true,
2013-07-04T13:02:18.510000,malitel,samerou,RING,2013-07-04T14:24:00,,M,4,DISTRICT DE BAMAKO,91000000,cercle,E7,1,,,,,,,,,,,,,,,,,,true,,,,,,,,,,,,,,,,,,
2013-07-04T13:01:40.631000,malitel,samerou,RING,2013-07-04T14:29:00,,M,2,DISTRICT DE BAMAKO,91000000,cercle,E7,1,,,,,,,,,,,,,,,,,,true,,,,,,,,,,,,,,,,,,
2013-07-04T14:40:13.711000,malitel,samerou,RING,2013-07-04T14:40:00,28,M,1,COMMUNE 5,91095000,commune,E1,1,,,,,,,,,,,true,,,,,,,,,,,,,,,,,,,,,,,,,
2013-07-04T13:32:22.721000,malitel,samerou,RING,2013-07-04T13:32:00,,M,2,DISTRICT DE BAMAKO,91000000,cercle,E7,1,,,,,,,,,,,,,,,,,,true,,,,,,,,,,,,,,,,,,
2013-07-04T13:06:14.761000,orange,samerou,RING,2013-07-04T16:31:00,,M,2,DISTRICT DE BAMAKO,91000000,cercle,E1,1,,,,,,,,,,,true,,,,,,,,,,,,,,,,,,,,,,,,,
2013-07-05T09:01:59.321000,orange,samerou,RING,2013-07-05T16:08:00,,M,1,KATI,25000000,cercle,E7,1,,,,,,,,,,,,,,,,,,true,,,,,,,,,,,,,,,,,,
2013-07-04T20:02:21.191000,malitel,samerou,RING,2013-07-04T20:02:00,,M,0,,,,"E1, H2",2,,,,,,,,,,,true,,,,,,,,,,,,,,,,,,,,,,,,true,
2013-07-04T13:01:13.071000,malitel,samerou,RING,2013-07-04T13:01:00,,U,0,,,,H2,1,,,,,,,,,,,,,,,,,,,,,,,,,,,,,,,,,,,true,
2013-07-04T13:17:16.031000,malitel,samerou,RING,2013-07-04T13:17:00,,M,1,,,,E1,1,,,,,,,,,,,true,,,,,,,,,,,,,,,,,,,,,,,,,
2013-07-04T14:01:17,malitel,samerou,CALL_ME,2013-07-04T14:01:00,25,M,1,COMMUNE 5,91095000,commune,E7,1,,,,,,,,,,,,,,,,,,true,,,,,,,,,,,,,,,,,,
2013-07-04T13:49:05.184000,malitel,samerou,RING,2013-07-04T13:49:00,,U,0,,,,H2,1,,,,,,,,,,,,,,,,,,,,,,,,,,,,,,,,,,,true,
2013-07-04T13:21:44.081000,malitel,samerou,RING,2013-07-04T13:21:00,,M,2,COMMUNE 1,91091000,commune,E7,1,,,,,,,,,,,,,,,,,,true,,,,,,,,,,,,,,,,,,
2013-07-04T13:22:09.071000,malitel,samerou,RING,2013-07-04T13:22:00,,M,2,,,,E1,1,,,,,,,,,,,true,,,,,,,,,,,,,,,,,,,,,,,,,
2013-07-04T13:08:12.481000,orange,samerou,RING,2013-07-04T13:08:00,,M,6,DISTRICT DE BAMAKO,91000000,cercle,E9,1,,,,,,,,,,,,,,,,,,,,true,,,,,,,,,,,,,,,,
2013-07-04T13:12:05.721000,orange,samerou,RING,2013-07-04T13:12:00,,U,0,,,,H2,1,,,,,,,,,,,,,,,,,,,,,,,,,,,,,,,,,,,true,
2013-07-04T20:38:07.561000,malitel,samerou,RING,2013-07-04T15:40:00,,M,2,DISTRICT DE BAMAKO,91000000,cercle,E7,1,,,,,,,,,,,,,,,,,,true,,,,,,,,,,,,,,,,,,
2013-07-04T16:55:30.403000,malitel,samerou,RING,2013-07-04T16:55:00,,U,0,,,,H2,1,,,,,,,,,,,,,,,,,,,,,,,,,,,,,,,,,,,true,
2013-07-10T10:49:06,orange,Abderhamane,CALL_ME,2013-07-10T10:49:00,25,M,2,COMMUNE 3,91093000,commune,F9,1,,,,,,,,,,,,,,,,,,,,,,,,,,,,,,,,true,,,,
2013-07-10T10:50:12.248000,malitel,Abderhamane,RING,2013-07-10T11:49:00,35,F,8,DISTRICT DE BAMAKO,91000000,cercle,E1,1,,,,,,,,,,,true,,,,,,,,,,,,,,,,,,,,,,,,,
2013-07-10T11:04:32.528000,malitel,Abderhamane,RING,2013-07-10T11:04:00,30,F,1,KATI,25000000,cercle,E1,1,,,,,,,,,,,true,,,,,,,,,,,,,,,,,,,,,,,,,
2013-07-10T11:02:52.097000,malitel,Abderhamane,RING,2013-07-10T11:02:00,20,M,43,DISTRICT DE BAMAKO,91000000,cercle,H1,1,,,,,,,,,,,,,,,,,,,,,,,,,,,,,,,,,,true,,
2013-07-10T10:52:01.178000,malitel,Abderhamane,RING,2013-07-10T10:52:00,,M,1,DISTRICT DE BAMAKO,91000000,cercle,H1,1,,,,,,,,,,,,,,,,,,,,,,,,,,,,,,,,,,true,,
2013-07-10T13:01:03,malitel,Abderhamane,SMS_HOTLINE,2013-07-10T13:01:00,28,M,2,KATI,25000000,cercle,E9,1,,,,,,,,,,,,,,,,,,,,true,,,,,,,,,,,,,,,,
2013-07-06T09:58:24.201000,orange,abba,RING,2013-07-09T13:58:00,,M,1,BANCONI,91091001,village,G1,1,,,,,,,,,,,,,,,,,,,,,,,,,,,,,,,,,true,,,
2013-07-09T07:52:22,orange,abba,CALL_ME,2013-07-09T14:25:02,33,M,2,BLA,43006143,village,E9,1,,,,,,,,,,,,,,,,,,,,true,,,,,,,,,,,,,,,,
2013-07-11T09:25:51.698000,orange,abba,RING,2013-07-11T10:30:00,50,M,3,HAMDALLAYE ET NANGOIRA,31091285,village,E7,1,,,,,,,,,,,,,,,,,,true,,,,,,,,,,,,,,,,,,
2013-07-06T10:31:54,orange,abba,CALL_ME,2013-07-06T13:56:00,25,M,4,FLABOUGOU-DAOUDABOUGOU,91095199,village,E7,1,,,,,,,,,,,,,,,,,,true,,,,,,,,,,,,,,,,,,
2013-07-08T20:30:06.923000,orange,abba,RING,2013-07-08T13:17:00,22,M,2,TIANKADI,31075000,commune,E1,1,,,,,,,,,,,true,,,,,,,,,,,,,,,,,,,,,,,,,
2013-07-10T14:20:50.218000,malitel,abba,RING,2013-07-10T14:41:00,30,M,1,BACO-DJIKORONI,91095001,village,E9,1,,,,,,,,,,,,,,,,,,,,true,,,,,,,,,,,,,,,,
2013-07-10T14:36:12.738000,malitel,abba,RING,2013-07-10T13:30:00,21,M,1,NIENA,31061000,commune,H1,1,,,,,,,,,,,,,,,,,,,,,,,,,,,,,,,,,,true,,
2013-07-09T15:29:45.923000,orange,abba,RING,2013-07-09T14:30:00,25,M,2,MAGNAMBOUGOU,91096298,village,E6,1,,,,,,,,,,,,,,,,,true,,,,,,,,,,,,,,,,,,,
2013-07-09T08:57:42.514000,orange,abba,RING,2013-07-09T13:07:00,39,M,2,BOULKASSOUMBOUGOU,91091112,village,E7,1,,,,,,,,,,,,,,,,,,true,,,,,,,,,,,,,,,,,,
2013-07-11T12:13:59.657000,malitel,Abderhamane,RING,2013-07-11T13:30:00,,M,6,KATI,25000000,cercle,E1,1,,,,,,,,,,,true,,,,,,,,,,,,,,,,,,,,,,,,,
2013-07-11T13:54:52.008000,malitel,Abderhamane,RING,2013-07-11T11:45:00,,M,2,MACINA,44000000,cercle,E1,1,,,,,,,,,,,true,,,,,,,,,,,,,,,,,,,,,,,,,
2013-07-11T14:18:40.337000,malitel,Abderhamane,RING,2013-07-11T14:18:00,30,M,2,BOUGOUBA,91092181,village,E1,1,,,,,,,,,,,true,,,,,,,,,,,,,,,,,,,,,,,,,
2013-07-11T10:22:57,malitel,Abderhamane,SMS_HOTLINE,2013-07-11T10:22:00,30,M,0,BOUGOUBA,91092181,village,H1,1,,,,,,,,,,,,,,,,,,,,,,,,,,,,,,,,,,true,,
2013-07-11T14:17:26.737000,malitel,Abderhamane,RING,2013-07-11T14:17:00,,U,0,,,,H2,1,,,,,,,,,,,,,,,,,,,,,,,,,,,,,,,,,,,true,
2013-07-11T13:58:04.098000,malitel,Abderhamane,RING,2013-07-11T13:52:00,,U,0,,,,"B2, H2",2,,,true,,,,,,,,,,,,,,,,,,,,,,,,,,,,,,,,true,
2013-07-11T13:33:07.920000,malitel,Abderhamane,RING,2013-07-11T14:00:00,24,F,6,DISTRICT DE BAMAKO,91000000,cercle,B1,1,,true,,,,,,,,,,,,,,,,,,,,,,,,,,,,,,,,,,
2013-07-11T13:07:39.617000,orange,Abderhamane,RING,2013-07-11T14:08:00,27,M,3,NIAMAKORO,91096496,village,E1,1,,,,,,,,,,,true,,,,,,,,,,,,,,,,,,,,,,,,,
2013-07-11T15:50:55.858000,malitel,Abderhamane,RING,2013-07-11T16:00:00,37,F,2,BAGUINEDA CAMP,25001000,commune,A1,1,true,,,,,,,,,,,,,,,,,,,,,,,,,,,,,,,,,,,
2013-07-11T10:46:11,malitel,Abderhamane,CALL_ME,2013-07-11T11:25:00,19,M,1,DISTRICT DE BAMAKO,91000000,cercle,E7,1,,,,,,,,,,,,,,,,,,true,,,,,,,,,,,,,,,,,,
2013-07-11T10:48:12,orange,Abderhamane,CHARGE_ME,2013-07-11T11:40:00,,F,1,DISTRICT DE BAMAKO,91000000,cercle,E10,1,,,,,,,,,,,,true,,,,,,,,,,,,,,,,,,,,,,,,
2013-07-11T10:33:06,malitel,Abderhamane,CALL_ME,2013-07-11T11:22:00,19,M,2,KAYES,10000000,region,E10,1,,,,,,,,,,,,true,,,,,,,,,,,,,,,,,,,,,,,,
2013-07-10T11:21:52.667000,orange,Abderhamane,RING,2013-07-11T11:50:00,25,M,4,YIRIMADJO,91096892,village,E7,1,,,,,,,,,,,,,,,,,,true,,,,,,,,,,,,,,,,,,
2013-07-10T10:49:18,orange,Abderhamane,CHARGE_ME,2013-07-10T11:30:00,25,F,7,DISTRICT DE BAMAKO,91000000,cercle,E4,1,,,,,,,,,,,,,,,true,,,,,,,,,,,,,,,,,,,,,
2013-07-10T10:49:11.978000,malitel,Abderhamane,RING,2013-07-10T11:58:00,22,M,5,KAYES,11000000,cercle,E1,1,,,,,,,,,,,true,,,,,,,,,,,,,,,,,,,,,,,,,
2013-07-10T10:49:38.978000,orange,Abderhamane,RING,2013-07-10T12:16:00,40,M,4,KOLOKANI,26000000,cercle,E9,1,,,,,,,,,,,,,,,,,,,,true,,,,,,,,,,,,,,,,
2013-07-10T10:50:26.058000,malitel,Abderhamane,RING,2013-07-10T11:42:00,25,F,5,COMMUNE 6,91096000,commune,"E1, F9",2,,,,,,,,,,,true,,,,,,,,,,,,,,,,,,,,,true,,,,
2013-07-10T10:50:50,orange,Abderhamane,SMS_HOTLINE,2013-07-10T11:25:00,35,M,4,MOPTI,51000000,cercle,E10,1,,,,,,,,,,,,true,,,,,,,,,,,,,,,,,,,,,,,,
2013-07-10T10:51:37.608000,orange,Abderhamane,RING,2013-07-10T11:21:00,25,M,2,DISTRICT DE BAMAKO,91000000,cercle,E10,1,,,,,,,,,,,,true,,,,,,,,,,,,,,,,,,,,,,,,
2013-07-10T10:51:50.818000,orange,Abderhamane,RING,2013-07-10T11:01:00,30,M,3,DISTRICT DE BAMAKO,91000000,cercle,E10,1,,,,,,,,,,,,true,,,,,,,,,,,,,,,,,,,,,,,,
2013-07-10T10:54:22.938000,malitel,Abderhamane,RING,2013-07-10T11:41:00,20,F,1,DISTRICT DE BAMAKO,91000000,cercle,H1,1,,,,,,,,,,,,,,,,,,,,,,,,,,,,,,,,,,true,,
2013-07-10T10:59:12.138000,orange,Abderhamane,RING,2013-07-10T11:01:00,30,U,4,DISTRICT DE BAMAKO,91000000,cercle,E10,1,,,,,,,,,,,,true,,,,,,,,,,,,,,,,,,,,,,,,
2013-07-10T11:06:32.568000,malitel,Abderhamane,RING,2013-07-10T09:00:00,36,M,3,KATI,25000000,cercle,E1,1,,,,,,,,,,,true,,,,,,,,,,,,,,,,,,,,,,,,,
2013-07-10T11:07:47.848000,malitel,Abderhamane,RING,2013-07-10T11:58:00,22,M,5,KOLOKANI,26000000,cercle,E1,1,,,,,,,,,,,true,,,,,,,,,,,,,,,,,,,,,,,,,
2013-07-07T08:05:55,orange,abba,CALL_ME,2013-07-07T08:05:00,,U,0,,,,H2,1,,,,,,,,,,,,,,,,,,,,,,,,,,,,,,,,,,,true,
2013-07-07T10:39:25,malitel,abba,CALL_ME,2013-07-07T10:39:00,,U,0,,,,H2,1,,,,,,,,,,,,,,,,,,,,,,,,,,,,,,,,,,,true,
2013-07-11T17:16:28,malitel,Abderhamane,SMS_HOTLINE,2013-07-11T17:34:00,41,M,2,MISSIRA,91092541,village,E1,1,,,,,,,,,,,true,,,,,,,,,,,,,,,,,,,,,,,,,
2013-07-11T16:18:20,malitel,Abderhamane,CALL_ME,2013-07-11T16:00:00,18,F,2,KAYES,11000000,cercle,A1,1,true,,,,,,,,,,,,,,,,,,,,,,,,,,,,,,,,,,,
2013-07-11T15:38:33,malitel,Abderhamane,CALL_ME,2013-07-11T15:38:00,,F,6,KAYES,11000000,cercle,A1,1,true,,,,,,,,,,,,,,,,,,,,,,,,,,,,,,,,,,,
2013-07-11T13:09:01.177000,malitel,Abderhamane,RING,2013-07-11T13:09:00,,U,0,,,,H2,1,,,,,,,,,,,,,,,,,,,,,,,,,,,,,,,,,,,true,
2013-07-11T10:50:07.778000,malitel,Abderhamane,RING,2013-07-11T11:32:00,27,M,3,SOTUBA,91091889,village,E1,1,,,,,,,,,,,true,,,,,,,,,,,,,,,,,,,,,,,,,
2013-07-11T12:26:08,orange,Abderhamane,CALL_ME,2013-07-11T12:30:00,18,M,5,NIAMAKORO,91096496,village,A1,1,true,,,,,,,,,,,,,,,,,,,,,,,,,,,,,,,,,,,
2013-07-11T11:43:28.738000,orange,Abderhamane,RING,2013-07-11T11:57:00,25,M,4,YIRIMADJO,91096892,village,E7,1,,,,,,,,,,,,,,,,,,true,,,,,,,,,,,,,,,,,,
2013-07-11T10:49:29,orange,Abderhamane,SMS_HOTLINE,2013-07-11T10:48:00,22,F,3,BACO-DJIKORONI,91095001,village,E7,1,,,,,,,,,,,,,,,,,,true,,,,,,,,,,,,,,,,,,
2013-07-11T10:56:18,orange,Abderhamane,CALL_ME,2013-07-11T11:17:00,,M,2,KATI,25000000,cercle,"E1, E8",2,,,,,,,,,,,true,,,,,,,,true,,,,,,,,,,,,,,,,,
2013-07-11T10:48:38,orange,Abderhamane,CHARGE_ME,2013-07-11T11:50:00,18,U,2,N'TOMINKOROBOUGOU,91093661,village,E1,1,,,,,,,,,,,true,,,,,,,,,,,,,,,,,,,,,,,,,
2013-07-11T10:48:16.658000,orange,Abderhamane,RING,2013-07-11T11:13:00,23,M,2,BACO-DJIKORONI,91095001,village,E1,1,,,,,,,,,,,true,,,,,,,,,,,,,,,,,,,,,,,,,
2013-07-11T10:48:15,orange,Abderhamane,CALL_ME,2013-07-11T11:11:00,24,M,1,SAME,91093881,village,E1,1,,,,,,,,,,,true,,,,,,,,,,,,,,,,,,,,,,,,,
2013-07-11T10:44:38,malitel,Abderhamane,CALL_ME,2013-07-11T11:00:00,,U,0,,,,H2,1,,,,,,,,,,,,,,,,,,,,,,,,,,,,,,,,,,,true,
2013-07-11T10:16:54.048000,malitel,Abderhamane,RING,2013-07-11T10:16:00,21,F,3,NIENA,31061000,commune,F9,1,,,,,,,,,,,,,,,,,,,,,,,,,,,,,,,,true,,,,
2013-07-04T13:29:09.441000,orange,samerou,RING,2013-07-04T14:45:00,,M,6,BOULKASSOUMBOUGOU,91091112,village,E7,1,,,,,,,,,,,,,,,,,,true,,,,,,,,,,,,,,,,,,
2013-07-04T13:45:41.561000,orange,samerou,RING,2013-07-04T14:55:00,35,M,2,BANCONI,91091001,village,E1,1,,,,,,,,,,,true,,,,,,,,,,,,,,,,,,,,,,,,,
2013-07-06T11:07:40.403000,orange,abba,RING,2013-07-06T14:28:00,29,M,2,SENOU,91096595,village,E7,1,,,,,,,,,,,,,,,,,,true,,,,,,,,,,,,,,,,,,
2013-07-06T08:00:12.321000,orange,abba,RING,2013-07-06T13:40:00,30,M,1,DISTRICT DE BAMAKO,91000000,cercle,H1,1,,,,,,,,,,,,,,,,,,,,,,,,,,,,,,,,,,true,,
2013-07-06T08:04:17,orange,abba,CALL_ME,2013-07-06T13:43:00,30,M,3,SIKASSO,31000000,cercle,E10,1,,,,,,,,,,,,true,,,,,,,,,,,,,,,,,,,,,,,,
2013-07-06T09:43:40.361000,orange,abba,RING,2013-07-06T13:48:00,35,M,3,TOROKOROBOUGOU,91095892,village,E7,1,,,,,,,,,,,,,,,,,,true,,,,,,,,,,,,,,,,,,
2013-07-06T11:18:44.161000,orange,abba,RING,2013-07-06T14:29:00,27,M,4,COMMUNE DE KATI,25091000,commune,E7,1,,,,,,,,,,,,,,,,,,true,,,,,,,,,,,,,,,,,,
2013-07-06T12:03:00.681000,orange,abba,RING,2013-07-06T14:38:00,,M,4,DISTRICT DE BAMAKO,91000000,cercle,E8,1,,,,,,,,,,,,,,,,,,,true,,,,,,,,,,,,,,,,,
2013-07-06T12:52:36.201000,orange,abba,RING,2013-07-06T14:47:00,,M,1,DISTRICT DE BAMAKO,91000000,cercle,E8,1,,,,,,,,,,,,,,,,,,,true,,,,,,,,,,,,,,,,,
2013-07-06T17:59:16.273000,malitel,abba,RING,2013-07-06T18:30:00,,M,1,SEGOU,41000000,cercle,E8,1,,,,,,,,,,,,,,,,,,,true,,,,,,,,,,,,,,,,,
2013-07-06T17:57:31.795000,malitel,abba,RING,2013-07-06T18:26:00,,M,1,NIARELA,91092631,village,A1,1,true,,,,,,,,,,,,,,,,,,,,,,,,,,,,,,,,,,,
2013-07-06T16:00:31.393000,orange,abba,RING,2013-07-06T19:02:00,,M,2,DISTRICT DE BAMAKO,91000000,cercle,E1,1,,,,,,,,,,,true,,,,,,,,,,,,,,,,,,,,,,,,,
2013-07-06T10:59:25.801000,orange,abba,RING,2013-07-06T14:10:00,28,M,2,BOULKASSOUMBOUGOU,91091112,village,E8,1,,,,,,,,,,,,,,,,,,,true,,,,,,,,,,,,,,,,,
2013-07-06T10:59:59.001000,orange,abba,RING,2013-07-06T14:01:00,40,M,4,FLABOUGOU-DAOUDABOUGOU,91095199,village,E8,1,,,,,,,,,,,,,,,,,,,true,,,,,,,,,,,,,,,,,
2013-07-06T14:06:40.041000,orange,abba,RING,2013-07-06T13:38:00,,M,4,DISTRICT DE BAMAKO,91000000,cercle,E8,1,,,,,,,,,,,,,,,,,,,true,,,,,,,,,,,,,,,,,
2013-07-06T16:32:43.193000,orange,abba,RING,2013-07-06T16:34:00,,M,2,DISTRICT DE BAMAKO,91000000,cercle,A1,1,true,,,,,,,,,,,,,,,,,,,,,,,,,,,,,,,,,,,
2013-07-06T16:34:59.473000,orange,abba,RING,2013-07-06T14:34:00,,M,2,NIARELA,91092631,village,A1,1,true,,,,,,,,,,,,,,,,,,,,,,,,,,,,,,,,,,,
2013-07-06T07:46:53,malitel,abba,CALL_ME,2013-07-06T14:01:00,,M,1,DISTRICT DE BAMAKO,91000000,cercle,H1,1,,,,,,,,,,,,,,,,,,,,,,,,,,,,,,,,,,true,,
2013-07-06T09:10:49.760000,malitel,abba,RING,2013-07-06T13:48:00,,M,2,DIELIBOUGOU,91091223,village,E1,1,,,,,,,,,,,true,,,,,,,,,,,,,,,,,,,,,,,,,
2013-07-05T20:39:18.071000,malitel,abba,RING,2013-07-06T13:34:00,,M,1,MAGNAMBOUGOU,91096298,village,F12,1,,,,,,,,,,,,,,,,,,,,,,,,true,,,,,,,,,,,,
2013-07-12T00:06:04.457000,malitel,Abderhamane,RING,2013-07-12T12:30:00,30,M,30,DISTRICT DE BAMAKO,91000000,cercle,H1,1,,,,,,,,,,,,,,,,,,,,,,,,,,,,,,,,,,true,,
2013-07-12T11:11:39.588000,malitel,Abderhamane,RING,2013-07-12T12:37:00,35,M,2,HAMDALLAYE,91094223,village,F9,1,,,,,,,,,,,,,,,,,,,,,,,,,,,,,,,,true,,,,
2013-07-12T11:03:18.228000,orange,Abderhamane,RING,2013-07-12T12:11:00,27,M,2,DARSALAM,91093331,village,E7,1,,,,,,,,,,,,,,,,,,true,,,,,,,,,,,,,,,,,,
2013-07-12T13:09:10.298000,orange,Abderhamane,CHARGE_ME,2013-07-12T13:41:00,27,M,2,SABALIBOUGOU,91095694,village,E9,1,,,,,,,,,,,,,,,,,,,,true,,,,,,,,,,,,,,,,
2013-07-12T10:33:28.108000,orange,Abderhamane,RING,2013-07-12T12:08:00,26,M,1,SIKORONI (MEKIN SICORO),91091778,village,H1,1,,,,,,,,,,,,,,,,,,,,,,,,,,,,,,,,,,true,,
2013-07-12T13:26:37.067000,orange,Abderhamane,RING,2013-07-12T14:34:00,,M,2,DISTRICT DE BAMAKO,91000000,cercle,E8,1,,,,,,,,,,,,,,,,,,,true,,,,,,,,,,,,,,,,,
2013-07-11T19:51:09.418000,orange,Abderhamane,RING,2013-07-11T12:04:00,18,F,3,FADJIGUILA,91091445,village,E9,1,,,,,,,,,,,,,,,,,,,,true,,,,,,,,,,,,,,,,
2013-07-12T09:10:21,orange,Abderhamane,SMS_HOTLINE,2013-07-12T14:58:00,23,M,2,HIPPODROME,91092361,village,E1,1,,,,,,,,,,,true,,,,,,,,,,,,,,,,,,,,,,,,,
2013-07-11T21:49:49,orange,Abderhamane,CHARGE_ME,2013-07-12T12:15:00,29,M,2,HAMDALLAYE,91094223,village,F9,1,,,,,,,,,,,,,,,,,,,,,,,,,,,,,,,,true,,,,
2013-07-11T20:17:44.378000,malitel,Abderhamane,RING,2013-07-12T20:17:00,20,F,1,DISTRICT DE BAMAKO,91000000,cercle,A1,1,true,,,,,,,,,,,,,,,,,,,,,,,,,,,,,,,,,,,
2013-07-11T19:37:06.982000,orange,Abderhamane,RING,2013-07-12T11:59:00,28,M,5,MAGNAMBOUGOU,91096298,village,E1,1,,,,,,,,,,,true,,,,,,,,,,,,,,,,,,,,,,,,,
2013-07-11T18:34:39.897000,orange,Abderhamane,RING,2013-07-12T12:19:00,28,M,2,SIKORONI (MEKIN SICORO),91091778,village,E7,1,,,,,,,,,,,,,,,,,,true,,,,,,,,,,,,,,,,,,
2013-07-11T18:32:16.299000,orange,Abderhamane,RING,2013-07-12T11:39:00,23,M,3,SIKORONI (MEKIN SICORO),91091778,village,E1,1,,,,,,,,,,,true,,,,,,,,,,,,,,,,,,,,,,,,,
2013-07-11T18:39:32,orange,Abderhamane,CALL_ME,2013-07-12T11:50:00,,M,1,DISTRICT DE BAMAKO,91000000,cercle,A1,1,true,,,,,,,,,,,,,,,,,,,,,,,,,,,,,,,,,,,
2013-07-12T15:18:55.188000,orange,Abderhamane,RING,2013-07-12T15:22:00,28,M,1,MAGNAMBOUGOU,91096298,village,E1,1,,,,,,,,,,,true,,,,,,,,,,,,,,,,,,,,,,,,,
2013-07-12T15:33:05.148000,malitel,Abderhamane,RING,2013-07-12T14:14:00,23,M,2,BACO-DJIKORONI,91095001,village,A1,1,true,,,,,,,,,,,,,,,,,,,,,,,,,,,,,,,,,,,
2013-07-09T12:10:45.082000,orange,samerou,RING,2013-07-09T12:10:00,,U,0,,,,H2,1,,,,,,,,,,,,,,,,,,,,,,,,,,,,,,,,,,,true,
2013-07-09T13:41:37.043000,orange,samerou,RING,2013-07-09T14:11:00,53,M,3,BOULKASSOUMBOUGOU,91091112,village,E7,1,,,,,,,,,,,,,,,,,,true,,,,,,,,,,,,,,,,,,
2013-07-09T13:13:26.283000,orange,samerou,RING,2013-07-09T14:19:00,73,M,3,KATI,25000000,cercle,E7,1,,,,,,,,,,,,,,,,,,true,,,,,,,,,,,,,,,,,,
2013-07-09T11:11:08.883000,orange,samerou,RING,2013-07-09T13:54:00,26,M,1,SENOU,91096595,village,E7,1,,,,,,,,,,,,,,,,,,true,,,,,,,,,,,,,,,,,,
2013-07-09T11:00:42.513000,orange,samerou,RING,2013-07-09T13:50:00,,U,0,,,,H2,1,,,,,,,,,,,,,,,,,,,,,,,,,,,,,,,,,,,true,
2013-07-09T11:20:09.084000,orange,samerou,RING,2013-07-09T14:02:00,44,M,3,MAGNAMBOUGOU,91096298,village,E1,1,,,,,,,,,,,true,,,,,,,,,,,,,,,,,,,,,,,,,
2013-07-09T11:38:38.003000,malitel,samerou,RING,2013-07-09T14:37:00,56,M,8,SIKASSO,31000000,cercle,E7,1,,,,,,,,,,,,,,,,,,true,,,,,,,,,,,,,,,,,,
2013-07-09T11:05:12.275000,malitel,samerou,RING,2013-07-09T14:29:00,26,M,2,BOZOLA,91092271,village,E7,1,,,,,,,,,,,,,,,,,,true,,,,,,,,,,,,,,,,,,
2013-07-09T13:22:33,orange,samerou,CHARGE_ME,2013-07-09T17:14:00,,F,1,DISTRICT DE BAMAKO,91000000,cercle,H1,1,,,,,,,,,,,,,,,,,,,,,,,,,,,,,,,,,,true,,
2013-07-12T18:15:14,orange,abba,SMS_HOTLINE,2013-07-12T18:24:00,26,M,2,ZONE INDUSTRIELLE + BOUGOUBA,91092901,village,E7,1,,,,,,,,,,,,,,,,,,true,,,,,,,,,,,,,,,,,,
2013-07-09T00:29:15.910000,orange,abba,RING,2013-07-09T13:25:00,,M,2,COMMUNE 2,91092000,commune,E7,1,,,,,,,,,,,,,,,,,,true,,,,,,,,,,,,,,,,,,
2013-07-05T17:25:17.128000,malitel,abba,RING,2013-07-06T17:25:00,,U,0,,,,H2,1,,,,,,,,,,,,,,,,,,,,,,,,,,,,,,,,,,,true,
2013-07-06T10:36:12.591000,malitel,abba,RING,2013-07-06T13:48:00,,M,2,COMMUNE 1,91091000,commune,E1,1,,,,,,,,,,,true,,,,,,,,,,,,,,,,,,,,,,,,,
2013-07-06T10:41:43.631000,malitel,abba,RING,2013-07-06T13:50:00,,M,1,BAMAKO,90000000,region,"E1, E9",2,,,,,,,,,,,true,,,,,,,,,true,,,,,,,,,,,,,,,,
2013-07-06T11:43:24.961000,malitel,abba,RING,2013-07-06T15:05:00,,F,1,COMMUNE 3,91093000,commune,E7,1,,,,,,,,,,,,,,,,,,true,,,,,,,,,,,,,,,,,,
2013-07-06T16:24:01.673000,malitel,abba,RING,2013-07-06T16:27:00,,M,2,COMMUNE 5,91095000,commune,E7,1,,,,,,,,,,,,,,,,,,true,,,,,,,,,,,,,,,,,,
2013-07-06T18:03:37.553000,orange,abba,RING,2013-07-06T18:40:00,,M,3,COMMUNE 2,91092000,commune,A1,1,true,,,,,,,,,,,,,,,,,,,,,,,,,,,,,,,,,,,
2013-07-06T18:05:55.713000,orange,abba,RING,2013-07-06T18:40:00,,M,3,MARKALA,41031000,commune,E8,1,,,,,,,,,,,,,,,,,,,true,,,,,,,,,,,,,,,,,
2013-07-12T22:41:17.388000,orange,abba,RING,2013-07-13T11:41:00,51,M,3,NIAFUNKE,65000000,cercle,E1,1,,,,,,,,,,,true,,,,,,,,,,,,,,,,,,,,,,,,,
2013-07-12T22:23:10.915000,orange,abba,RING,2013-07-13T09:53:00,,M,1,DISTRICT DE BAMAKO,91000000,cercle,H1,1,,,,,,,,,,,,,,,,,,,,,,,,,,,,,,,,,,true,,
2013-07-12T22:14:40.068000,orange,abba,RING,2013-07-13T09:30:00,,M,2,DISTRICT DE BAMAKO,91000000,cercle,E1,1,,,,,,,,,,,true,,,,,,,,,,,,,,,,,,,,,,,,,
2013-07-12T21:43:51.588000,orange,abba,RING,2013-07-12T21:43:00,,U,0,,,,H2,1,,,,,,,,,,,,,,,,,,,,,,,,,,,,,,,,,,,true,
2013-07-12T20:22:38.498000,malitel,abba,RING,2013-07-13T09:23:00,,M,2,KATI,25000000,cercle,F9,1,,,,,,,,,,,,,,,,,,,,,,,,,,,,,,,,true,,,,
2013-07-12T19:54:57.301000,orange,abba,RING,2013-07-13T09:25:00,,F,2,SEGOU,41000000,cercle,E1,1,,,,,,,,,,,true,,,,,,,,,,,,,,,,,,,,,,,,,
2013-07-12T18:43:53,malitel,abba,CALL_ME,2013-07-13T09:38:00,,M,1,DISTRICT DE BAMAKO,91000000,cercle,H1,1,,,,,,,,,,,,,,,,,,,,,,,,,,,,,,,,,,true,,
2013-07-13T09:03:56.227000,orange,Abderhamane,RING,2013-07-13T09:03:00,,M,27,DISTRICT DE BAMAKO,91000000,cercle,E1,1,,,,,,,,,,,true,,,,,,,,,,,,,,,,,,,,,,,,,
2013-07-13T10:22:50.578000,malitel,Abderhamane,RING,2013-07-13T10:22:00,,F,3,COMMUNE URBAINE DE KOULIKORO,21091000,commune,E1,1,,,,,,,,,,,true,,,,,,,,,,,,,,,,,,,,,,,,,
2013-07-13T10:24:29.587000,orange,Abderhamane,RING,2013-07-13T11:13:00,,M,3,COMMUNE 1,91091000,commune,E1,1,,,,,,,,,,,true,,,,,,,,,,,,,,,,,,,,,,,,,
2013-07-13T10:25:42,orange,Abderhamane,CALL_ME,2013-07-13T11:14:00,,M,3,COMMUNE URBAINE DE KOULIKORO,21091000,commune,F8,1,,,,,,,,,,,,,,,,,,,,,,,,,,,,,,,true,,,,,
2013-07-13T11:16:44.948000,orange,Abderhamane,RING,2013-07-13T11:35:00,,M,7,KAYES,11000000,cercle,"A1, D1, E10, F4",4,true,,,,,,,true,,,,true,,,,,,,,,,,,,,,true,,,,,,,,,
2013-07-13T12:35:05,orange,Abderhamane,CALL_ME,2013-07-13T12:43:00,18,F,4,COMMUNE URBAINE DE KOULIKORO,21091000,commune,E1,1,,,,,,,,,,,true,,,,,,,,,,,,,,,,,,,,,,,,,
2013-07-13T12:48:17.628000,orange,Abderhamane,RING,2013-07-13T12:51:00,,M,2,COMMUNE DE SEGOU,41091000,commune,"E1, F8",2,,,,,,,,,,,true,,,,,,,,,,,,,,,,,,,,true,,,,,
2013-07-13T13:17:20.868000,orange,Abderhamane,RING,2013-07-13T14:53:00,,F,6,SIRAKORO,31091853,village,E1,1,,,,,,,,,,,true,,,,,,,,,,,,,,,,,,,,,,,,,
2013-07-13T11:56:52.670000,orange,Abderhamane,RING,2013-07-13T11:56:00,,U,0,,,,H2,1,,,,,,,,,,,,,,,,,,,,,,,,,,,,,,,,,,,true,
2013-07-13T14:48:10.507000,orange,Abderhamane,RING,2013-07-13T15:01:00,,M,1,COMMUNE DE KATI,25091000,commune,E1,1,,,,,,,,,,,true,,,,,,,,,,,,,,,,,,,,,,,,,
2013-07-13T14:56:49.307000,orange,Abderhamane,RING,2013-07-13T14:56:00,,M,1,COMMUNE DE KATI,25091000,commune,E1,1,,,,,,,,,,,true,,,,,,,,,,,,,,,,,,,,,,,,,
2013-07-13T14:49:26.068000,orange,Abderhamane,RING,2013-07-13T14:49:00,,U,0,,,,H2,1,,,,,,,,,,,,,,,,,,,,,,,,,,,,,,,,,,,true,
2013-07-10T10:44:53,malitel,Abderhamane,SMS_HOTLINE,2013-07-10T10:44:00,,U,0,,,,H2,1,,,,,,,,,,,,,,,,,,,,,,,,,,,,,,,,,,,true,
2013-07-10T11:14:14.858000,orange,Abderhamane,RING,2013-07-10T15:33:00,,F,5,COMMUNE DE SEGOU,41091000,commune,E7,1,,,,,,,,,,,,,,,,,,true,,,,,,,,,,,,,,,,,,
2013-07-10T11:11:04,malitel,Abderhamane,SMS_HOTLINE,2013-07-10T13:25:00,,U,0,,,,H2,1,,,,,,,,,,,,,,,,,,,,,,,,,,,,,,,,,,,true,
2013-07-10T11:31:05,orange,Abderhamane,CALL_ME,2013-07-10T13:43:00,,U,0,,,,H2,1,,,,,,,,,,,,,,,,,,,,,,,,,,,,,,,,,,,true,
2013-07-10T11:31:48.218000,orange,Abderhamane,RING,2013-07-10T13:44:00,,U,0,,,,H2,1,,,,,,,,,,,,,,,,,,,,,,,,,,,,,,,,,,,true,
2013-07-10T11:33:19,orange,Abderhamane,RING,2013-07-10T13:44:00,,U,0,,,,H2,1,,,,,,,,,,,,,,,,,,,,,,,,,,,,,,,,,,,true,
2013-07-10T12:01:30,orange,Abderhamane,SMS_HOTLINE,2013-07-10T13:54:00,,M,5,DISTRICT DE BAMAKO,91000000,cercle,E9,1,,,,,,,,,,,,,,,,,,,,true,,,,,,,,,,,,,,,,
2013-07-10T12:05:57.698000,orange,Abderhamane,RING,2013-07-10T13:49:00,30,M,2,COMMUNE DE SIKASSO,31091000,commune,E9,1,,,,,,,,,,,,,,,,,,,,true,,,,,,,,,,,,,,,,
2013-07-10T12:14:05.018000,malitel,Abderhamane,RING,2013-07-10T13:45:00,,U,0,,,,H2,1,,,,,,,,,,,,,,,,,,,,,,,,,,,,,,,,,,,true,
2013-07-10T12:16:20,orange,Abderhamane,CALL_ME,2013-07-10T13:52:00,28,M,3,DISTRICT DE BAMAKO,91000000,cercle,E6,1,,,,,,,,,,,,,,,,,true,,,,,,,,,,,,,,,,,,,
2013-07-10T12:58:43.617000,orange,Abderhamane,RING,2013-07-10T14:04:00,,M,3,COMMUNE DE SIKASSO,31091000,commune,E9,1,,,,,,,,,,,,,,,,,,,,true,,,,,,,,,,,,,,,,
2013-07-10T13:15:19,orange,Abderhamane,CALL_ME,2013-07-10T14:09:00,,M,4,DISTRICT DE BAMAKO,91000000,cercle,E9,1,,,,,,,,,,,,,,,,,,,,true,,,,,,,,,,,,,,,,
2013-07-13T11:12:11.190000,orange,Abderhamane,RING,2013-07-13T11:13:00,,M,3,COMMUNE 1,91091000,commune,E10,1,,,,,,,,,,,,true,,,,,,,,,,,,,,,,,,,,,,,,
2013-07-13T11:18:10.388000,orange,Abderhamane,RING,2013-07-13T11:37:00,37,M,5,COMMUNE URBAINE DE KOULIKORO,21091000,commune,E1,1,,,,,,,,,,,true,,,,,,,,,,,,,,,,,,,,,,,,,
2013-07-13T15:14:56,malitel,abba,CALL_ME,2013-07-13T16:10:00,25,F,2,COMMUNE URBAINE DE KOULIKORO,21091000,commune,F4,1,,,,,,,,,,,,,,,,,,,,,,,,,,,true,,,,,,,,,
2013-07-04T12:32:42.721000,orange,samerou,RING,2013-07-04T12:59:00,,M,3,COMMUNE DE KATI,25091000,commune,E7,1,,,,,,,,,,,,,,,,,,true,,,,,,,,,,,,,,,,,,
2013-07-04T13:12:34.711000,malitel,samerou,RING,2013-07-04T12:50:00,,M,3,COMMUNE 1,91091000,commune,E7,1,,,,,,,,,,,,,,,,,,true,,,,,,,,,,,,,,,,,,
2013-07-04T13:26:14.041000,malitel,samerou,RING,2013-07-04T14:33:00,,M,2,,,,E1,1,,,,,,,,,,,true,,,,,,,,,,,,,,,,,,,,,,,,,
2013-07-04T13:29:49.921000,malitel,samerou,RING,2013-07-04T13:29:00,,U,0,,,,H2,1,,,,,,,,,,,,,,,,,,,,,,,,,,,,,,,,,,,true,
2013-07-14T10:37:39.228000,malitel,Abderhamane,RING,2013-07-14T10:37:00,,M,2,SEGOU,41000000,cercle,E10,1,,,,,,,,,,,,true,,,,,,,,,,,,,,,,,,,,,,,,
2013-07-13T20:10:08.748000,malitel,abba,RING,2013-07-13T10:11:00,,M,2,SIKASSO,31000000,cercle,E10,1,,,,,,,,,,,,true,,,,,,,,,,,,,,,,,,,,,,,,
2013-07-14T08:37:16.352000,orange,abba,RING,2013-07-14T10:07:00,,M,3,SIKORONI (MEKIN SICORO),91091778,village,E1,1,,,,,,,,,,,true,,,,,,,,,,,,,,,,,,,,,,,,,
2013-07-14T17:39:10.708000,malitel,abba,RING,2013-07-14T17:50:00,,M,2,DISTRICT DE BAMAKO,91000000,cercle,E10,1,,,,,,,,,,,,true,,,,,,,,,,,,,,,,,,,,,,,,
2013-07-14T09:53:25.378000,malitel,abba,RING,2013-07-14T10:14:00,,M,2,SIKASSO,31000000,cercle,E10,1,,,,,,,,,,,,true,,,,,,,,,,,,,,,,,,,,,,,,
2013-07-14T08:58:40.548000,malitel,abba,RING,2013-07-14T18:05:00,34,M,4,KAYES,11000000,cercle,F10,1,,,,,,,,,,,,,,,,,,,,,,true,,,,,,,,,,,,,,
2013-07-14T20:59:05.202000,orange,reg,RING,2013-07-15T09:06:00,36,M,3,COMMUNE 5,91095000,commune,E1,1,,,,,,,,,,,true,,,,,,,,,,,,,,,,,,,,,,,,,
2013-07-06T14:50:40.674000,malitel,reg,RING,2013-07-06T09:14:00,27,M,2,DISTRICT DE BAMAKO,91000000,cercle,E1,1,,,,,,,,,,,true,,,,,,,,,,,,,,,,,,,,,,,,,
2013-07-14T21:22:39.877000,orange,reg,RING,2013-07-15T09:14:00,27,M,2,DISTRICT DE BAMAKO,91000000,cercle,E1,1,,,,,,,,,,,true,,,,,,,,,,,,,,,,,,,,,,,,,
2013-07-15T07:54:51,orange,reg,CALL_ME,2013-07-15T09:20:00,,M,0,DISTRICT DE BAMAKO,91000000,cercle,H2,1,,,,,,,,,,,,,,,,,,,,,,,,,,,,,,,,,,,true,
2013-07-15T07:55:17,orange,reg,CALL_ME,2013-07-15T09:22:00,31,M,2,DANDERESSO,31005161,village,F1,1,,,,,,,,,,,,,,,,,,,,,true,,,,,,,,,,,,,,,
2013-07-15T08:26:15.877000,orange,reg,RING,2013-07-15T08:26:00,,U,0,,,,H2,1,,,,,,,,,,,,,,,,,,,,,,,,,,,,,,,,,,,true,
2013-07-15T09:37:42.998000,orange,samerou,RING,2013-07-15T09:00:00,30,M,1,COMMUNE DE SIKASSO,31091000,commune,E1,1,,,,,,,,,,,true,,,,,,,,,,,,,,,,,,,,,,,,,
2013-07-15T07:54:41.108000,malitel,samerou,RING,2013-07-15T09:55:00,24,M,1,COMMUNE DE KATI,25091000,commune,E6,1,,,,,,,,,,,,,,,,,true,,,,,,,,,,,,,,,,,,,
2013-07-15T07:55:21.107000,malitel,samerou,RING,2013-07-15T10:19:00,,U,0,,,,H2,1,,,,,,,,,,,,,,,,,,,,,,,,,,,,,,,,,,,true,
2013-07-15T08:31:17.388000,malitel,samerou,RING,2013-07-15T10:01:00,,F,2,COMMUNE 1,91091000,commune,E6,1,,,,,,,,,,,,,,,,,true,,,,,,,,,,,,,,,,,,,
2013-07-07T10:23:06.752000,malitel,abba,RING,2013-07-07T10:23:00,,U,0,,,,H2,1,,,,,,,,,,,,,,,,,,,,,,,,,,,,,,,,,,,true,
2013-07-07T16:16:24.313000,orange,abba,RING,2013-07-07T16:16:00,,U,0,,,,H2,1,,,,,,,,,,,,,,,,,,,,,,,,,,,,,,,,,,,true,
2013-07-06T10:47:37.311000,malitel,abba,RING,2013-07-06T14:02:00,,M,1,DISTRICT DE BAMAKO,91000000,cercle,H1,1,,,,,,,,,,,,,,,,,,,,,,,,,,,,,,,,,,true,,
2013-07-06T16:01:38.223000,malitel,abba,RING,2013-07-06T16:09:00,,M,1,DISTRICT DE BAMAKO,91000000,cercle,E1,1,,,,,,,,,,,true,,,,,,,,,,,,,,,,,,,,,,,,,
2013-07-15T12:28:30.198000,orange,samerou,RING,2013-07-15T12:34:00,18,M,4,COMMUNE 1,91091000,commune,F5,1,,,,,,,,,,,,,,,,,,,,,,,,,,,,true,,,,,,,,
2013-07-15T12:47:05,orange,samerou,CHARGE_ME,2013-07-15T12:47:00,23,F,3,KOROFINA NORD,91091556,village,E1,1,,,,,,,,,,,true,,,,,,,,,,,,,,,,,,,,,,,,,
2013-07-15T11:30:51.718000,orange,abba,RING,2013-07-15T12:57:00,26,M,3,COMMUNE DE KATI,25091000,commune,E1,1,,,,,,,,,,,true,,,,,,,,,,,,,,,,,,,,,,,,,
2013-07-15T12:40:32,orange,samerou,CALL_ME,2013-07-15T13:18:00,38,F,4,DIEDIENI,34043100,village,B1,1,,true,,,,,,,,,,,,,,,,,,,,,,,,,,,,,,,,,,
2013-07-15T12:20:51,orange,samerou,CALL_ME,2013-07-15T13:49:00,24,M,22,SIKORONI (MEKIN SICORO),91091778,village,H1,1,,,,,,,,,,,,,,,,,,,,,,,,,,,,,,,,,,true,,
2013-07-15T12:31:59.278000,malitel,samerou,RING,2013-07-15T13:44:00,,M,2,BANCONI,91091001,village,B1,1,,true,,,,,,,,,,,,,,,,,,,,,,,,,,,,,,,,,,
2013-07-15T13:06:14.400000,orange,samerou,RING,2013-07-15T13:49:00,24,M,22,SIKORONI (MEKIN SICORO),91091778,village,H1,1,,,,,,,,,,,,,,,,,,,,,,,,,,,,,,,,,,true,,
2013-07-08T17:46:45.963000,malitel,abba,RING,2013-07-08T17:46:00,50,M,2,HAMDALLAYE ET NANGOIRA,31091285,village,E7,1,,,,,,,,,,,,,,,,,,true,,,,,,,,,,,,,,,,,,
2013-07-15T13:37:43,orange,abba,SMS_HOTLINE,2013-07-15T13:37:00,24,M,2,SIKORONI (MEKIN SICORO),91091778,village,H1,1,,,,,,,,,,,,,,,,,,,,,,,,,,,,,,,,,,true,,
2013-07-15T10:14:25.718000,orange,abba,RING,2013-07-15T11:11:00,26,M,2,COMMUNE 5,91095000,commune,F9,1,,,,,,,,,,,,,,,,,,,,,,,,,,,,,,,,true,,,,
2013-07-15T11:54:11.948000,malitel,abba,RING,2013-07-15T15:35:00,43,M,4,MISSIRA,91092541,village,E1,1,,,,,,,,,,,true,,,,,,,,,,,,,,,,,,,,,,,,,
2013-07-09T15:17:33,orange,abba,CALL_ME,2013-07-09T15:17:00,33,M,6,COMMUNE DE SEGOU,41091000,commune,H2,1,,,,,,,,,,,,,,,,,,,,,,,,,,,,,,,,,,,true,
2013-07-14T15:10:43.298000,malitel,Abderhamane,RING,2013-07-14T15:16:00,42,M,7,MAGNAMBOUGOU,91096298,village,E7,1,,,,,,,,,,,,,,,,,,true,,,,,,,,,,,,,,,,,,
2013-07-14T16:00:00.038000,malitel,Abderhamane,RING,2013-07-14T16:00:00,22,M,2,BAGUINEDA-CAMP,25001001,village,E1,1,,,,,,,,,,,true,,,,,,,,,,,,,,,,,,,,,,,,,
2013-07-14T16:05:38.190000,malitel,Abderhamane,RING,2013-07-14T16:05:00,23,M,2,DISTRICT DE BAMAKO,91000000,cercle,A1,1,true,,,,,,,,,,,,,,,,,,,,,,,,,,,,,,,,,,,
2013-07-14T16:31:43.748000,orange,Abderhamane,RING,2013-07-14T16:58:00,33,M,3,MAGNAMBOUGOU,91096298,village,F9,1,,,,,,,,,,,,,,,,,,,,,,,,,,,,,,,,true,,,,
2013-07-06T14:53:57.143000,malitel,reg,RING,2013-07-06T16:09:00,,M,1,DISTRICT DE BAMAKO,91000000,cercle,H2,1,,,,,,,,,,,,,,,,,,,,,,,,,,,,,,,,,,,true,
2013-07-06T15:27:16.723000,orange,reg,RING,2013-07-06T09:00:00,36,M,3,DIALAKORO,25067112,village,E1,1,,,,,,,,,,,true,,,,,,,,,,,,,,,,,,,,,,,,,
2013-07-10T10:40:47.978000,malitel,reg,RING,2013-07-10T10:43:00,,F,1,COMMUNE DE SIKASSO,31091000,commune,E7,1,,,,,,,,,,,,,,,,,,true,,,,,,,,,,,,,,,,,,
2013-07-10T08:55:26.927000,malitel,reg,RING,2013-07-10T08:55:00,,M,3,COMMUNE DE KATI,25091000,commune,H2,1,,,,,,,,,,,,,,,,,,,,,,,,,,,,,,,,,,,true,
2013-07-15T16:32:06,malitel,samerou,CALL_ME,2013-07-15T16:32:00,30,M,2,SIRAKORONI,25001503,village,F9,1,,,,,,,,,,,,,,,,,,,,,,,,,,,,,,,,true,,,,
2013-07-15T16:48:04,malitel,samerou,CALL_ME,2013-07-15T17:17:00,22,M,2,SIRAKORONI,25001503,village,E1,1,,,,,,,,,,,true,,,,,,,,,,,,,,,,,,,,,,,,,
2013-07-15T12:29:09.758000,orange,samerou,RING,2013-07-15T17:29:00,50,M,3,HAMDALLAYE,91094223,village,"A1, B1",2,true,true,,,,,,,,,,,,,,,,,,,,,,,,,,,,,,,,,,
2013-07-15T12:01:51.478000,orange,samerou,RING,2013-07-15T12:12:00,21,M,2,HIPPODROME,91092361,village,A1,1,true,,,,,,,,,,,,,,,,,,,,,,,,,,,,,,,,,,,
2013-07-16T11:44:59.878000,malitel,abba,RING,2013-07-16T12:29:00,37,M,3,BOULKASSOUMBOUGOU,91091112,village,"E8, H1",2,,,,,,,,,,,,,,,,,,,true,,,,,,,,,,,,,,,true,,
2013-07-16T10:46:15.438000,malitel,abba,RING,2013-07-16T11:00:00,35,M,2,HAMDALLAYE,91094223,village,E9,1,,,,,,,,,,,,,,,,,,,,true,,,,,,,,,,,,,,,,
2013-07-16T10:46:50.038000,malitel,abba,RING,2013-07-16T11:07:00,25,M,2,NIAMAKORO,91096496,village,E10,1,,,,,,,,,,,,true,,,,,,,,,,,,,,,,,,,,,,,,
2013-07-16T11:30:16.027000,malitel,abba,RING,2013-07-16T11:41:00,35,M,1,DIELIBOUGOU,91091223,village,E7,1,,,,,,,,,,,,,,,,,,true,,,,,,,,,,,,,,,,,,
2013-07-16T10:47:39.677000,malitel,abba,RING,2013-07-16T11:12:00,27,M,2,NIAMAKORO,91096496,village,E9,1,,,,,,,,,,,,,,,,,,,,true,,,,,,,,,,,,,,,,
2013-07-16T10:48:55.428000,malitel,abba,RING,2013-07-16T11:13:00,26,M,3,SABALIBOUGOU,91095694,village,E6,1,,,,,,,,,,,,,,,,,true,,,,,,,,,,,,,,,,,,,
2013-07-16T10:58:27.238000,malitel,abba,RING,2013-07-16T10:58:00,26,M,3,BAMAKO,90000000,region,E6,1,,,,,,,,,,,,,,,,,true,,,,,,,,,,,,,,,,,,,
2013-07-16T10:58:59.238000,malitel,abba,RING,2013-07-16T11:29:00,25,M,4,DOUMAZANA,91091334,village,"A1, B1, E1",3,true,true,,,,,,,,,true,,,,,,,,,,,,,,,,,,,,,,,,,
2013-07-16T11:02:59.521000,malitel,abba,RING,2013-07-16T11:19:00,44,M,4,DIELIBOUGOU,91091223,village,E9,1,,,,,,,,,,,,,,,,,,,,true,,,,,,,,,,,,,,,,
2013-07-16T10:24:32,orange,abba,RING,2013-07-16T10:51:00,20,M,3,SANTORO,46091706,village,E1,1,,,,,,,,,,,true,,,,,,,,,,,,,,,,,,,,,,,,,
2013-07-16T10:31:37.437000,orange,abba,RING,2013-07-16T11:02:00,20,M,3,COMMUNE 1,91091000,commune,B1,1,,true,,,,,,,,,,,,,,,,,,,,,,,,,,,,,,,,,,
2013-07-16T10:46:14,orange,abba,CALL_ME,2013-07-16T10:55:00,28,M,2,SABALIBOUGOU,91095694,village,B1,1,,true,,,,,,,,,,,,,,,,,,,,,,,,,,,,,,,,,,
2013-07-16T10:47:05,orange,abba,CALL_ME,2013-07-16T11:00:00,23,M,2,COMMUNE DE SIKASSO,31091000,commune,A1,1,true,,,,,,,,,,,,,,,,,,,,,,,,,,,,,,,,,,,
2013-07-16T10:45:57,orange,abba,CHARGE_ME,2013-07-16T10:45:00,0,M,2,SIKASSO,30000000,region,"A1, H2",2,true,,,,,,,,,,,,,,,,,,,,,,,,,,,,,,,,,,true,
2013-07-16T10:47:00.358000,orange,abba,RING,2013-07-16T11:09:00,31,M,1,NIAMAKORO,91096496,village,E6,1,,,,,,,,,,,,,,,,,true,,,,,,,,,,,,,,,,,,,
2013-07-16T10:49:05,orange,abba,SMS_HOTLINE,2013-07-16T12:41:00,43,M,10,COMMUNE DE SIKASSO,31091000,commune,"A1, B1, B3, F3, F5, F6",6,true,true,,true,,,,,,,,,,,,,,,,,,,,,,true,,true,true,,,,,,,
2013-07-16T10:49:17,orange,abba,CALL_ME,2013-07-16T11:21:00,23,M,2,NIAMAKORO,91096496,village,E1,1,,,,,,,,,,,true,,,,,,,,,,,,,,,,,,,,,,,,,
2013-07-16T11:01:30.638000,malitel,abba,RING,2013-07-16T11:46:00,23,M,2,BOULKASSOUMBOUGOU,91091112,village,E1,1,,,,,,,,,,,true,,,,,,,,,,,,,,,,,,,,,,,,,
2013-07-16T10:55:26.918000,orange,abba,RING,2013-07-16T11:28:00,23,M,4,NIAMAKORO,91096496,village,E1,1,,,,,,,,,,,true,,,,,,,,,,,,,,,,,,,,,,,,,
2013-07-16T10:48:37,orange,abba,CALL_ME,2013-07-16T11:12:00,32,M,1,NIAMAKORO,91096496,village,E6,1,,,,,,,,,,,,,,,,,true,,,,,,,,,,,,,,,,,,,
2013-07-16T10:46:45,orange,abba,CHARGE_ME,2013-07-16T10:46:00,,U,0,,,,H2,1,,,,,,,,,,,,,,,,,,,,,,,,,,,,,,,,,,,true,
2013-07-16T10:46:45,orange,abba,CHARGE_ME,2013-07-16T11:30:00,22,M,2,YIRIMADJO,91096892,village,E10,1,,,,,,,,,,,,true,,,,,,,,,,,,,,,,,,,,,,,,
2013-07-16T10:56:51.678000,orange,abba,RING,2013-07-16T10:56:00,,U,0,,,,"B1, H2",2,,true,,,,,,,,,,,,,,,,,,,,,,,,,,,,,,,,,true,
2013-07-16T11:02:20,orange,abba,SMS_HOTLINE,2013-07-16T11:38:00,19,M,1,BANCONI,91091001,village,E1,1,,,,,,,,,,,true,,,,,,,,,,,,,,,,,,,,,,,,,
2013-07-16T11:08:25.758000,orange,abba,RING,2013-07-16T11:41:00,,M,2,BANCONI,91091001,village,E7,1,,,,,,,,,,,,,,,,,,true,,,,,,,,,,,,,,,,,,
2013-07-11T14:14:06,orange,abba,SMS_HOTLINE,2013-07-11T12:01:00,35,M,5,MISSIRA,91092541,village,E1,1,,,,,,,,,,,true,,,,,,,,,,,,,,,,,,,,,,,,,
2013-07-16T11:24:48,orange,abba,SMS_HOTLINE,2013-07-16T12:05:00,19,M,2,BANCONI,91091001,village,F2,1,,,,,,,,,,,,,,,,,,,,,,,,,true,,,,,,,,,,,
2013-07-16T11:22:11,orange,abba,CALL_ME,2013-07-16T12:09:00,24,M,2,COMMUNE DE KATI,25091000,commune,E1,1,,,,,,,,,,,true,,,,,,,,,,,,,,,,,,,,,,,,,
2013-07-16T10:59:31.198000,malitel,abba,RING,2013-07-16T10:59:00,,U,0,,,,H3,1,,,,,,,,,,,,,,,,,,,,,,,,,,,,,,,,,,,,true
2013-07-16T10:55:54,orange,abba,CALL_ME,2013-07-16T11:47:00,23,M,3,KATI,25000000,cercle,E10,1,,,,,,,,,,,,true,,,,,,,,,,,,,,,,,,,,,,,,
2013-07-16T11:07:00.118000,malitel,abba,RING,2013-07-16T11:07:00,,U,0,,,,H3,1,,,,,,,,,,,,,,,,,,,,,,,,,,,,,,,,,,,,true
2013-07-16T11:03:40,malitel,abba,RING,2013-07-16T11:03:00,,U,0,,,,H3,1,,,,,,,,,,,,,,,,,,,,,,,,,,,,,,,,,,,,true
2013-07-16T11:09:22.560000,malitel,abba,RING,2013-07-16T11:09:00,,U,0,,,,H3,1,,,,,,,,,,,,,,,,,,,,,,,,,,,,,,,,,,,,true
2013-07-16T11:17:48.427000,malitel,abba,RING,2013-07-16T11:17:00,,U,0,,,,H3,1,,,,,,,,,,,,,,,,,,,,,,,,,,,,,,,,,,,,true
2013-07-16T11:56:34.437000,malitel,abba,RING,2013-07-16T11:56:00,,U,0,,,,H3,1,,,,,,,,,,,,,,,,,,,,,,,,,,,,,,,,,,,,true
2013-07-16T11:34:52.518000,malitel,abba,RING,2013-07-16T12:24:00,45,M,2,BOULKASSOUMBOUGOU,91091112,village,E1,1,,,,,,,,,,,true,,,,,,,,,,,,,,,,,,,,,,,,,
2013-07-16T11:33:13.747000,malitel,abba,RING,2013-07-16T12:20:00,23,M,3,SANGAREBOUGOU,25061001,village,"E1, H3",2,,,,,,,,,,,true,,,,,,,,,,,,,,,,,,,,,,,,,true
2013-07-16T12:25:05.238000,malitel,abba,RING,2013-07-16T12:25:00,,U,0,,,,H3,1,,,,,,,,,,,,,,,,,,,,,,,,,,,,,,,,,,,,true
2013-07-16T11:59:26.989000,malitel,abba,RING,2013-07-16T11:59:00,,U,0,,,,H1,1,,,,,,,,,,,,,,,,,,,,,,,,,,,,,,,,,,true,,
2013-07-16T12:08:45.768000,malitel,abba,RING,2013-07-16T13:11:00,23,M,3,BOULKASSOUMBOUGOU,91091112,village,E10,1,,,,,,,,,,,,true,,,,,,,,,,,,,,,,,,,,,,,,
2013-07-16T07:53:41.078000,orange,alou,RING,2013-07-16T10:32:00,31,M,1,MAGNAMBOUGOU,91096298,village,E1,1,,,,,,,,,,,true,,,,,,,,,,,,,,,,,,,,,,,,,
2013-07-16T07:53:51,orange,alou,CALL_ME,2013-07-16T10:10:00,30,M,7,FALADIE,91096199,village,E1,1,,,,,,,,,,,true,,,,,,,,,,,,,,,,,,,,,,,,,
2013-07-16T07:54:44,orange,alou,CALL_ME,2013-07-16T11:16:00,23,M,2,NIAMAKORO,91096496,village,E1,1,,,,,,,,,,,true,,,,,,,,,,,,,,,,,,,,,,,,,
2013-07-16T08:08:36.477000,orange,alou,RING,2013-07-16T10:28:00,35,M,4,FLABOUGOU-DAOUDABOUGOU,91095199,village,E1,1,,,,,,,,,,,true,,,,,,,,,,,,,,,,,,,,,,,,,
2013-07-16T08:47:23,orange,alou,CALL_ME,2013-07-16T10:35:00,21,M,1,SABALIBOUGOU,91095694,village,E1,1,,,,,,,,,,,true,,,,,,,,,,,,,,,,,,,,,,,,,
2013-07-16T08:47:45,orange,alou,CALL_ME,2013-07-16T08:47:00,,U,0,,,,H1,1,,,,,,,,,,,,,,,,,,,,,,,,,,,,,,,,,,true,,
2013-07-16T08:57:06.078000,orange,alou,RING,2013-07-16T10:45:00,35,M,6,KADIOLO,33028197,village,E1,1,,,,,,,,,,,true,,,,,,,,,,,,,,,,,,,,,,,,,
2013-07-15T20:24:47,malitel,alou,SMS_HOTLINE,2013-07-15T21:24:00,,U,0,,,,H1,1,,,,,,,,,,,,,,,,,,,,,,,,,,,,,,,,,,true,,
2013-07-16T08:00:51.347000,malitel,alou,RING,2013-07-16T11:46:00,23,M,2,BOULKASSOUMBOUGOU,91091112,village,E1,1,,,,,,,,,,,true,,,,,,,,,,,,,,,,,,,,,,,,,
2013-07-16T08:01:45.948000,malitel,alou,RING,2013-07-16T09:54:00,29,M,4,BARAOUELI,42001024,village,E1,1,,,,,,,,,,,true,,,,,,,,,,,,,,,,,,,,,,,,,
2013-07-16T09:11:15.317000,malitel,alou,RING,2013-07-16T09:11:00,29,M,3,KOULIKORO GARE1,21091223,village,E1,1,,,,,,,,,,,true,,,,,,,,,,,,,,,,,,,,,,,,,
2013-07-16T07:53:35,orange,alou,CALL_ME,2013-07-16T07:53:00,,U,0,,,,H1,1,,,,,,,,,,,,,,,,,,,,,,,,,,,,,,,,,,true,,
2013-07-16T09:11:47,orange,alou,CALL_ME,2013-07-16T09:11:00,,U,0,,,,H2,1,,,,,,,,,,,,,,,,,,,,,,,,,,,,,,,,,,,true,
2013-07-15T20:09:53.317000,orange,alou,RING,2013-07-15T20:09:00,,U,0,,,,H3,1,,,,,,,,,,,,,,,,,,,,,,,,,,,,,,,,,,,,true
2013-07-16T07:54:34,orange,abba,CHARGE_ME,2013-07-16T07:54:00,,U,0,,,,H2,1,,,,,,,,,,,,,,,,,,,,,,,,,,,,,,,,,,,true,
2013-07-16T09:27:45.558000,malitel,abba,RING,2013-07-16T09:27:00,,U,0,,,,H2,1,,,,,,,,,,,,,,,,,,,,,,,,,,,,,,,,,,,true,
2013-07-16T11:19:55.451000,orange,abba,CALL_ME,2013-07-16T11:19:00,,U,0,,,,H3,1,,,,,,,,,,,,,,,,,,,,,,,,,,,,,,,,,,,,true
2013-07-16T11:20:00.168000,orange,abba,RING,2013-07-16T12:19:00,38,M,1,DISTRICT DE BAMAKO,91000000,cercle,E9,1,,,,,,,,,,,,,,,,,,,,true,,,,,,,,,,,,,,,,
2013-07-16T11:26:31,orange,abba,CALL_ME,2013-07-16T11:26:00,,U,0,,,,H3,1,,,,,,,,,,,,,,,,,,,,,,,,,,,,,,,,,,,,true
2013-07-16T11:32:35.558000,orange,abba,RING,2013-07-16T15:05:00,,F,46,DISTRICT DE BAMAKO,91000000,cercle,H1,1,,,,,,,,,,,,,,,,,,,,,,,,,,,,,,,,,,true,,
2013-07-16T11:37:03.197000,orange,abba,RING,2013-07-16T11:37:00,,U,0,,,,H1,1,,,,,,,,,,,,,,,,,,,,,,,,,,,,,,,,,,true,,
2013-07-16T11:41:35.048000,orange,abba,RING,2013-07-16T12:58:00,39,M,4,BANCONI,91091001,village,E1,1,,,,,,,,,,,true,,,,,,,,,,,,,,,,,,,,,,,,,
2013-07-16T11:39:17.077000,orange,abba,RING,2013-07-16T12:38:00,26,M,2,BANCONI,91091001,village,E1,1,,,,,,,,,,,true,,,,,,,,,,,,,,,,,,,,,,,,,
2013-07-16T11:45:33.038000,orange,abba,RING,2013-07-16T13:02:00,25,F,2,BOULKASSOUMBOUGOU,91091112,village,E1,1,,,,,,,,,,,true,,,,,,,,,,,,,,,,,,,,,,,,,
2013-07-16T11:45:55.398000,orange,abba,RING,2013-07-16T14:08:00,32,M,3,BANANKABOUGOU,91096001,village,E1,1,,,,,,,,,,,true,,,,,,,,,,,,,,,,,,,,,,,,,
2013-07-16T11:48:55.198000,orange,abba,RING,2013-07-16T13:12:00,24,M,2,SANGAREBOUGOU,25061001,village,E1,1,,,,,,,,,,,true,,,,,,,,,,,,,,,,,,,,,,,,,
2013-07-16T11:50:21.127000,orange,abba,RING,2013-07-16T13:13:00,45,M,4,SABALIBOUGOU,91095694,village,"E1, E7",2,,,,,,,,,,,true,,,,,,,true,,,,,,,,,,,,,,,,,,
2013-07-16T11:53:16.688000,orange,abba,RING,2013-07-16T14:24:00,50,M,3,BOULKASSOUMBOUGOU,91091112,village,E1,1,,,,,,,,,,,true,,,,,,,,,,,,,,,,,,,,,,,,,
2013-07-16T11:58:30.720000,orange,abba,RING,2013-07-16T15:23:00,34,M,5,BOULKASSOUMBOUGOU,91091112,village,E1,1,,,,,,,,,,,true,,,,,,,,,,,,,,,,,,,,,,,,,
2013-07-16T11:54:25.678000,orange,abba,RING,2013-07-16T14:56:00,27,M,1,BOULKASSOUMBOUGOU,91091112,village,E1,1,,,,,,,,,,,true,,,,,,,,,,,,,,,,,,,,,,,,,
2013-07-16T11:56:58.918000,orange,abba,RING,2013-07-16T14:56:00,,M,1,BOULKASSOUMBOUGOU,91091112,village,E1,1,,,,,,,,,,,true,,,,,,,,,,,,,,,,,,,,,,,,,
2013-07-16T11:57:26.237000,orange,abba,RING,2013-07-16T13:31:00,36,M,3,SEGOU KOURA BAMBARA,41091716,village,E1,1,,,,,,,,,,,true,,,,,,,,,,,,,,,,,,,,,,,,,
2013-07-16T12:42:35.518000,orange,abba,RING,2013-07-16T14:47:00,,M,4,DIELIBOUGOU,91091223,village,E1,1,,,,,,,,,,,true,,,,,,,,,,,,,,,,,,,,,,,,,
2013-07-16T12:01:00,orange,abba,SMS_HOTLINE,2013-07-16T14:00:00,,M,3,DISTRICT DE BAMAKO,91000000,cercle,B1,1,,true,,,,,,,,,,,,,,,,,,,,,,,,,,,,,,,,,,
2013-07-16T11:38:56.158000,orange,abba,RING,2013-07-16T12:23:00,37,M,2,KOROFINA NORD,91091556,village,E1,1,,,,,,,,,,,true,,,,,,,,,,,,,,,,,,,,,,,,,
2013-07-16T12:20:47.384000,orange,abba,RING,2013-07-16T14:43:00,38,M,3,DIELIBOUGOU,91091223,village,E1,1,,,,,,,,,,,true,,,,,,,,,,,,,,,,,,,,,,,,,
2013-07-16T12:03:10.838000,malitel,abba,RING,2013-07-16T11:50:00,49,M,4,SANGAREBOUGOU,25061001,village,E10,1,,,,,,,,,,,,true,,,,,,,,,,,,,,,,,,,,,,,,
2013-07-16T12:14:06.158000,malitel,abba,RING,2013-07-16T12:14:00,,U,0,,,,H2,1,,,,,,,,,,,,,,,,,,,,,,,,,,,,,,,,,,,true,
2013-07-16T13:07:57.997000,malitel,abba,RING,2013-07-16T16:26:00,29,M,2,MORIBABOUGOU,25039334,village,"F1, F8",2,,,,,,,,,,,,,,,,,,,,,true,,,,,,,,,,true,,,,,
2013-07-16T12:29:37.158000,malitel,abba,RING,2013-07-16T15:11:00,43,M,3,BOULKASSOUMBOUGOU,91091112,village,E6,1,,,,,,,,,,,,,,,,,true,,,,,,,,,,,,,,,,,,,
2013-07-16T12:33:27.998000,malitel,abba,RING,2013-07-16T12:33:00,,U,0,,,,H2,1,,,,,,,,,,,,,,,,,,,,,,,,,,,,,,,,,,,true,
2013-07-16T12:47:11.837000,malitel,abba,RING,2013-07-16T15:25:00,23,M,3,BOULKASSOUMBOUGOU,91091112,village,E1,1,,,,,,,,,,,true,,,,,,,,,,,,,,,,,,,,,,,,,
2013-07-16T13:16:34.957000,malitel,abba,RING,2013-07-16T15:33:00,34,M,1,HAMDALLAYE,91094223,village,D2,1,,,,,,,,,true,,,,,,,,,,,,,,,,,,,,,,,,,,,
2013-07-16T13:25:20.277000,malitel,abba,RING,2013-07-16T13:40:00,29,F,3,SOTUBA,91091889,village,"E1, E8",2,,,,,,,,,,,true,,,,,,,,true,,,,,,,,,,,,,,,,,
2013-07-16T13:26:47.799000,malitel,abba,RING,2013-07-16T15:46:00,30,M,4,SOTUBA,91091889,village,E1,1,,,,,,,,,,,true,,,,,,,,,,,,,,,,,,,,,,,,,
2013-07-16T13:28:45.278000,malitel,abba,RING,2013-07-16T15:51:00,31,M,1,FADJIGUILA,91091445,village,H2,1,,,,,,,,,,,,,,,,,,,,,,,,,,,,,,,,,,,true,
2013-07-16T13:40:09.798000,malitel,abba,RING,2013-07-16T15:56:00,28,M,2,DOUMAZANA,91091334,village,H1,1,,,,,,,,,,,,,,,,,,,,,,,,,,,,,,,,,,true,,
2013-07-16T13:47:29.038000,malitel,abba,RING,2013-07-16T17:07:00,32,M,1,BACO-DJIKORONI,91095001,village,E6,1,,,,,,,,,,,,,,,,,true,,,,,,,,,,,,,,,,,,,
2013-07-16T13:50:14.678000,malitel,abba,RING,2013-07-16T13:50:00,,U,0,,,,H2,1,,,,,,,,,,,,,,,,,,,,,,,,,,,,,,,,,,,true,
2013-07-16T13:54:20.197000,malitel,abba,RING,2013-07-16T17:10:00,30,F,2,SOTUBA,91091889,village,H1,1,,,,,,,,,,,,,,,,,,,,,,,,,,,,,,,,,,true,,
2013-07-16T13:57:05.198000,malitel,abba,RING,2013-07-16T16:37:00,44,M,3,MORIBABOUGOU,25039334,village,"E1, E7",2,,,,,,,,,,,true,,,,,,,true,,,,,,,,,,,,,,,,,,
2013-07-16T14:06:29.647000,malitel,abba,RING,2013-07-16T16:14:00,27,M,3,DOUMAZANA,91091334,village,E1,1,,,,,,,,,,,true,,,,,,,,,,,,,,,,,,,,,,,,,
2013-07-16T14:18:58.648000,malitel,abba,RING,2013-07-16T16:20:00,34,M,3,DOUMAZANA,91091334,village,E1,1,,,,,,,,,,,true,,,,,,,,,,,,,,,,,,,,,,,,,
2013-07-16T15:53:30.727000,malitel,abba,RING,2013-07-16T17:14:00,24,M,1,MORIBABOUGOU,25039334,village,H2,1,,,,,,,,,,,,,,,,,,,,,,,,,,,,,,,,,,,true,
2013-07-16T16:14:32.398000,malitel,abba,RING,2013-07-16T17:18:00,34,M,2,BANCONI,91091001,village,E1,1,,,,,,,,,,,true,,,,,,,,,,,,,,,,,,,,,,,,,
2013-07-16T17:02:22.637000,malitel,abba,RING,2013-07-16T17:23:00,37,M,2,COMMUNE 1,91091000,commune,E1,1,,,,,,,,,,,true,,,,,,,,,,,,,,,,,,,,,,,,,
2013-07-16T11:57:32,orange,abba,CHARGE_ME,2013-07-16T15:17:00,25,F,2,COMMUNE DE SIKASSO,31091000,commune,E1,1,,,,,,,,,,,true,,,,,,,,,,,,,,,,,,,,,,,,,
2013-07-16T12:30:47.678000,orange,abba,RING,2013-07-16T15:20:00,,M,3,COMMUNE DE SIKASSO,31091000,commune,H3,1,,,,,,,,,,,,,,,,,,,,,,,,,,,,,,,,,,,,true
2013-07-16T12:13:27.558000,orange,abba,RING,2013-07-16T15:22:00,35,M,3,DIELIBOUGOU,91091223,village,E1,1,,,,,,,,,,,true,,,,,,,,,,,,,,,,,,,,,,,,,
2013-07-16T12:46:23,orange,abba,CALL_ME,2013-07-16T15:29:00,28,F,2,SOTUBA,91091889,village,E1,1,,,,,,,,,,,true,,,,,,,,,,,,,,,,,,,,,,,,,
2013-07-16T12:53:29,orange,abba,CALL_ME,2013-07-16T15:33:00,46,M,3,BANCONI,91091001,village,E1,1,,,,,,,,,,,true,,,,,,,,,,,,,,,,,,,,,,,,,
2013-07-16T12:57:10.917000,orange,abba,RING,2013-07-16T15:38:00,35,M,2,BOULKASSOUMBOUGOU,91091112,village,E1,1,,,,,,,,,,,true,,,,,,,,,,,,,,,,,,,,,,,,,
2013-07-16T13:03:14.798000,orange,abba,RING,2013-07-16T15:50:00,,M,1,DISTRICT DE BAMAKO,91000000,cercle,E1,1,,,,,,,,,,,true,,,,,,,,,,,,,,,,,,,,,,,,,
2013-07-16T13:04:13.678000,orange,abba,RING,2013-07-16T15:53:00,,M,1,BOULKASSOUMBOUGOU,91091112,village,E1,1,,,,,,,,,,,true,,,,,,,,,,,,,,,,,,,,,,,,,
2013-07-16T13:28:59.637000,orange,abba,RING,2013-07-16T15:53:00,,M,1,MEDINA-COURA,91092451,village,E1,1,,,,,,,,,,,true,,,,,,,,,,,,,,,,,,,,,,,,,
2013-07-16T13:31:01.120000,orange,abba,RING,2013-07-16T15:58:00,,M,1,DIELIBOUGOU,91091223,village,E1,1,,,,,,,,,,,true,,,,,,,,,,,,,,,,,,,,,,,,,
2013-07-16T13:33:18.797000,orange,abba,RING,2013-07-16T16:09:00,,M,4,BANCONI,91091001,village,H1,1,,,,,,,,,,,,,,,,,,,,,,,,,,,,,,,,,,true,,
2013-07-16T13:40:55.437000,orange,abba,RING,2013-07-16T15:37:00,,M,2,DOUMAZANA,91091334,village,E1,1,,,,,,,,,,,true,,,,,,,,,,,,,,,,,,,,,,,,,
2013-07-16T14:26:05.918000,orange,abba,RING,2013-07-16T16:39:00,,M,1,,,,H3,1,,,,,,,,,,,,,,,,,,,,,,,,,,,,,,,,,,,,true
2013-07-16T14:34:55.728000,orange,abba,RING,2013-07-16T14:34:00,,M,2,,,,H1,1,,,,,,,,,,,,,,,,,,,,,,,,,,,,,,,,,,true,,
2013-07-16T12:15:35.598000,malitel,abba,RING,2013-07-16T15:06:00,33,M,5,BOULKASSOUMBOUGOU,91091112,village,E1,1,,,,,,,,,,,true,,,,,,,,,,,,,,,,,,,,,,,,,
2013-07-16T12:19:35.809000,malitel,abba,RING,2013-07-16T12:19:00,,U,0,,,,H2,1,,,,,,,,,,,,,,,,,,,,,,,,,,,,,,,,,,,true,
2013-07-16T12:26:53.988000,malitel,abba,RING,2013-07-16T16:44:00,,U,1,,,,H1,1,,,,,,,,,,,,,,,,,,,,,,,,,,,,,,,,,,true,,
2013-07-16T12:27:20.798000,malitel,abba,RING,2013-07-16T14:55:00,,U,3,KOULIKORO-BA,21091334,village,F8,1,,,,,,,,,,,,,,,,,,,,,,,,,,,,,,,true,,,,,
2013-07-16T16:05:52,orange,abba,CALL_ME,2013-07-16T18:02:00,26,M,3,FALADIE,91096199,village,E1,1,,,,,,,,,,,true,,,,,,,,,,,,,,,,,,,,,,,,,
2013-07-16T15:57:58.437000,orange,abba,RING,2013-07-16T17:56:00,22,M,3,FALADIE,91096199,village,F8,1,,,,,,,,,,,,,,,,,,,,,,,,,,,,,,,true,,,,,
2013-07-16T15:55:54.278000,orange,abba,RING,2013-07-16T17:50:00,22,M,3,SARAMBOUGOU,25061334,village,"E1, E7",2,,,,,,,,,,,true,,,,,,,true,,,,,,,,,,,,,,,,,,
2013-07-16T15:39:25.958000,orange,abba,RING,2013-07-16T17:46:00,45,M,2,HAMDALLAYE,91094223,village,H1,1,,,,,,,,,,,,,,,,,,,,,,,,,,,,,,,,,,true,,
2013-07-16T15:32:02.918000,orange,abba,RING,2013-07-16T17:42:00,24,M,2,BOULKASSOUMBOUGOU,91091112,village,"E1, E7",2,,,,,,,,,,,true,,,,,,,true,,,,,,,,,,,,,,,,,,
2013-07-16T15:19:07.808000,orange,abba,RING,2013-07-16T17:36:00,32,M,4,MEDINA-COURA,91092451,village,"A1, H1",2,true,,,,,,,,,,,,,,,,,,,,,,,,,,,,,,,,,true,,
2013-07-16T15:14:35,orange,abba,CALL_ME,2013-07-16T17:31:00,23,M,1,SANANKOROBA,25059533,village,H1,1,,,,,,,,,,,,,,,,,,,,,,,,,,,,,,,,,,true,,
2013-07-16T15:03:47.478000,orange,abba,RING,2013-07-16T17:15:00,30,M,1,BOULKASSOUMBOUGOU,91091112,village,E9,1,,,,,,,,,,,,,,,,,,,,true,,,,,,,,,,,,,,,,
2013-07-16T15:01:24.837000,orange,abba,RING,2013-07-16T17:12:00,,F,1,DOUMAZANA,91091334,village,E1,1,,,,,,,,,,,true,,,,,,,,,,,,,,,,,,,,,,,,,
2013-07-16T14:50:51.398000,orange,abba,RING,2013-07-16T14:50:00,,U,0,,,,H2,1,,,,,,,,,,,,,,,,,,,,,,,,,,,,,,,,,,,true,
2013-07-17T08:10:59,orange,alou,CALL_ME,2013-07-17T10:04:00,23,M,2,BADALABOUGOU,91095100,village,E1,1,,,,,,,,,,,true,,,,,,,,,,,,,,,,,,,,,,,,,
2013-07-16T23:00:21.757000,orange,alou,RING,2013-07-16T09:54:00,20,F,2,SEGOU KOURA BAMBARA,41091716,village,E1,1,,,,,,,,,,,true,,,,,,,,,,,,,,,,,,,,,,,,,
2013-07-16T22:55:26,orange,alou,CALL_ME,2013-07-16T22:55:00,,U,0,,,,H2,1,,,,,,,,,,,,,,,,,,,,,,,,,,,,,,,,,,,true,
2013-07-16T22:17:49.958000,orange,alou,RING,2013-07-16T09:43:00,22,M,2,FALADIE,91096199,village,A1,1,true,,,,,,,,,,,,,,,,,,,,,,,,,,,,,,,,,,,
2013-07-16T22:01:29,orange,alou,CALL_ME,2013-07-16T09:36:00,21,M,2,MAGNAMBOUGOU,91096298,village,E1,1,,,,,,,,,,,true,,,,,,,,,,,,,,,,,,,,,,,,,
2013-07-16T18:23:14.648000,orange,alou,RING,2013-07-16T09:59:00,18,F,1,KATI-COURA,25091181,village,H1,1,,,,,,,,,,,,,,,,,,,,,,,,,,,,,,,,,,true,,
2013-07-16T18:13:08.768000,orange,alou,RING,2013-07-16T09:30:00,27,M,1,SIKORONI (MEKIN SICORO),91091778,village,H1,1,,,,,,,,,,,,,,,,,,,,,,,,,,,,,,,,,,true,,
2013-07-16T16:20:28.077000,orange,abba,RING,2013-07-16T10:14:00,25,M,3,DIELIBOUGOU,91091223,village,E1,1,,,,,,,,,,,true,,,,,,,,,,,,,,,,,,,,,,,,,
2013-07-16T16:52:43.608000,orange,abba,RING,2013-07-16T10:08:00,32,M,3,SEGOU KOURA BAMBARA,41091716,village,H1,1,,,,,,,,,,,,,,,,,,,,,,,,,,,,,,,,,,true,,
2013-07-16T14:53:03.718000,malitel,abba,RING,2013-07-16T09:37:00,,M,1,,,,H1,1,,,,,,,,,,,,,,,,,,,,,,,,,,,,,,,,,,true,,
2013-07-05T13:51:36.601000,orange,samerou,RING,2013-07-05T15:24:00,50,M,5,COMMUNE 6,91096000,commune,E7,1,,,,,,,,,,,,,,,,,,true,,,,,,,,,,,,,,,,,,
2013-07-05T14:29:37.191000,orange,samerou,RING,2013-07-05T15:38:00,30,M,3,SAMAKE-BOUGOU,25091721,village,E7,1,,,,,,,,,,,,,,,,,,true,,,,,,,,,,,,,,,,,,
2013-07-05T14:55:32.201000,orange,samerou,RING,2013-07-05T15:43:00,25,M,2,KATI-COURA,25091181,village,E7,1,,,,,,,,,,,,,,,,,,true,,,,,,,,,,,,,,,,,,
2013-07-05T14:57:16.441000,orange,samerou,RING,2013-07-05T15:48:00,,M,1,DISTRICT DE BAMAKO,91000000,cercle,E7,1,,,,,,,,,,,,,,,,,,true,,,,,,,,,,,,,,,,,,
2013-07-05T17:07:04.191000,malitel,samerou,RING,2013-07-05T15:49:00,26,M,3,DJIKORONI-PARA,91094001,village,E7,1,,,,,,,,,,,,,,,,,,true,,,,,,,,,,,,,,,,,,
2013-07-04T18:37:48.071000,malitel,samerou,RING,2013-07-04T15:20:00,,F,1,DISTRICT DE BAMAKO,91000000,cercle,E1,1,,,,,,,,,,,true,,,,,,,,,,,,,,,,,,,,,,,,,
2013-07-04T20:25:33.871000,malitel,samerou,RING,2013-07-04T15:26:00,,M,1,SIRAKORO -NIARE,25091878,village,E1,1,,,,,,,,,,,true,,,,,,,,,,,,,,,,,,,,,,,,,
2013-07-04T16:17:41.351000,malitel,samerou,RING,2013-07-04T15:30:00,,M,2,MAGNAMBOUGOU,91096298,village,E1,1,,,,,,,,,,,true,,,,,,,,,,,,,,,,,,,,,,,,,
2013-07-04T14:58:44.471000,malitel,samerou,RING,2013-07-04T15:35:00,24,M,3,KAYES-N^DI,11091001,village,E1,1,,,,,,,,,,,true,,,,,,,,,,,,,,,,,,,,,,,,,
2013-07-05T12:14:29.991000,malitel,samerou,RING,2013-07-05T15:46:00,17,M,1,BACO-DJIKORONI,91095001,village,E1,1,,,,,,,,,,,true,,,,,,,,,,,,,,,,,,,,,,,,,
2013-07-05T13:48:52.311000,malitel,samerou,RING,2013-07-05T15:49:00,,M,2,SIRAKORO-TIEMOKOLA,31091998,village,E7,1,,,,,,,,,,,,,,,,,,true,,,,,,,,,,,,,,,,,,
2013-07-05T13:50:34.311000,malitel,samerou,RING,2013-07-05T16:57:00,,U,4,DISTRICT DE BAMAKO,91000000,cercle,E7,1,,,,,,,,,,,,,,,,,,true,,,,,,,,,,,,,,,,,,
2013-07-05T08:59:07.281000,orange,samerou,RING,2013-07-05T15:52:00,,M,3,SANANFARA,25091811,village,E7,1,,,,,,,,,,,,,,,,,,true,,,,,,,,,,,,,,,,,,
2013-07-05T09:52:00,malitel,samerou,SMS_HOTLINE,2013-07-05T16:12:00,,M,2,DISTRICT DE BAMAKO,91000000,cercle,E1,1,,,,,,,,,,,true,,,,,,,,,,,,,,,,,,,,,,,,,
2013-07-05T10:35:14.441000,orange,samerou,RING,2013-07-05T17:07:00,,U,1,,,,H2,1,,,,,,,,,,,,,,,,,,,,,,,,,,,,,,,,,,,true,
2013-07-05T10:35:55.841000,malitel,samerou,RING,2013-07-05T17:06:00,,U,2,,,,H2,1,,,,,,,,,,,,,,,,,,,,,,,,,,,,,,,,,,,true,
2013-07-17T08:35:15.288000,orange,alou,RING,2013-07-17T10:26:00,15,M,2,BOULKASSOUMBOUGOU,91091112,village,E10,1,,,,,,,,,,,,true,,,,,,,,,,,,,,,,,,,,,,,,
2013-07-17T08:45:18,orange,alou,RING,2013-07-17T10:33:00,61,M,3,KONODIMINI,41029352,village,E10,1,,,,,,,,,,,,true,,,,,,,,,,,,,,,,,,,,,,,,
2013-07-17T08:58:59.318000,orange,alou,RING,2013-07-17T10:45:00,64,M,3,PELENGANA,41039761,village,E7,1,,,,,,,,,,,,,,,,,,true,,,,,,,,,,,,,,,,,,
2013-07-16T17:48:52.677000,malitel,alou,RING,2013-07-16T11:01:00,,U,2,,,,H2,1,,,,,,,,,,,,,,,,,,,,,,,,,,,,,,,,,,,true,
2013-07-16T18:39:10.598000,malitel,alou,RING,2013-07-16T11:03:00,69,M,3,BOULKASSOUMBOUGOU,91091112,village,E1,1,,,,,,,,,,,true,,,,,,,,,,,,,,,,,,,,,,,,,
2013-07-16T21:52:10.148000,malitel,alou,RING,2013-07-16T11:16:00,,U,1,,,,H2,1,,,,,,,,,,,,,,,,,,,,,,,,,,,,,,,,,,,true,
2013-07-16T22:47:36.837000,malitel,alou,RING,2013-07-16T11:19:00,52,M,1,MORIBABOUGOU,25039334,village,H2,1,,,,,,,,,,,,,,,,,,,,,,,,,,,,,,,,,,,true,
2013-07-17T08:31:05.758000,malitel,alou,RING,2013-07-17T10:49:00,34,M,1,FADJIGUILA,91091445,village,E1,1,,,,,,,,,,,true,,,,,,,,,,,,,,,,,,,,,,,,,
2013-07-17T07:50:27.887000,malitel,alou,RING,2013-07-17T07:50:00,,U,0,,,,H2,1,,,,,,,,,,,,,,,,,,,,,,,,,,,,,,,,,,,true,
2013-07-16T22:25:49.198000,malitel,alou,RING,2013-07-16T22:25:00,,U,0,,,,H2,1,,,,,,,,,,,,,,,,,,,,,,,,,,,,,,,,,,,true,
2013-07-16T20:57:40.797000,malitel,alou,RING,2013-07-16T11:17:00,,U,0,,,,H2,1,,,,,,,,,,,,,,,,,,,,,,,,,,,,,,,,,,,true,
2013-07-17T07:54:08.447000,orange,alou,RING,2013-07-17T07:54:00,,U,0,,,,H2,1,,,,,,,,,,,,,,,,,,,,,,,,,,,,,,,,,,,true,
2013-07-16T21:24:36.278000,orange,alou,RING,2013-07-16T21:24:00,,U,0,,,,H2,1,,,,,,,,,,,,,,,,,,,,,,,,,,,,,,,,,,,true,
2013-07-17T10:09:43.528000,orange,abba,RING,2013-07-17T11:32:00,28,M,2,DIELIBOUGOU,91091223,village,E7,1,,,,,,,,,,,,,,,,,,true,,,,,,,,,,,,,,,,,,
2013-07-17T10:23:48.568000,orange,abba,RING,2013-07-17T11:29:00,35,M,3,DIELIBOUGOU,91091223,village,E7,1,,,,,,,,,,,,,,,,,,true,,,,,,,,,,,,,,,,,,
2013-07-17T10:39:30,orange,abba,CALL_ME,2013-07-17T11:01:00,31,M,7,DOUMAZANA,91091334,village,"A1, E1",2,true,,,,,,,,,,true,,,,,,,,,,,,,,,,,,,,,,,,,
2013-07-17T10:45:17,orange,abba,CALL_ME,2013-07-17T10:45:00,,U,0,,,,H2,1,,,,,,,,,,,,,,,,,,,,,,,,,,,,,,,,,,,true,
2013-07-17T10:46:18.318000,orange,abba,RING,2013-07-17T11:18:00,22,F,6,HAMDALLAYE,91094223,village,F8,1,,,,,,,,,,,,,,,,,,,,,,,,,,,,,,,true,,,,,
